n,rho,event,payer_idx,ordinal,from_surplus,path,gas_used,tx_hash
2,0,deploy,,,,deploy,800116,0x2b9fe27df23badb4c81f881292a30e91ceb26f982d18323de0fca3aab8f92ab1
2,0,pay,1,1,1000000,surplus_first_write,69737,0x932352928a339d275d5699789af64144fa7a046d95ee4b1802e6fde92224b2bd
2,0,pay,1,2,1000000,surplus_repeat,52637,0xe543ccc4160dfab1375896d17293d489ad31be1cd27016172b2749e6c14a6259
2,0,pay,1,3,1000000,surplus_repeat,52637,0xf7422571578c7baff77b7c6f451bbd5ebed4ac5d20d07e382ce2434decd5bcfb
2,0,pay,0,4,1000000,surplus_repeat,52637,0x1eac4d161d8b1b07d268f673aab77e2de4d86b8269b0ee00ee3e9e7ac0d62e2f
2,1/2,deploy,,,,deploy,800128,0x9fd0128e527fb2eed87746fce23aed68c4f86d474bb1e2393738f522b4120fdc
2,1/2,pay,1,1,0,reservation_only,47123,0x8c2e0a0fe54e70c3b3fa451c87003b8f7791dfa88a6b2abbef99ee5364f6dd4a
2,1/2,pay,1,2,0,reservation_only,47123,0x117cd725dd223bd3789525f580d9dd4a4fa3488bce4ede854b86b63b36e7c1f9
2,1/2,pay,1,3,0,reservation_only,47123,0x04acd02c1faf9375a9982ef8ed388342f5a06aecaf67361fbff9679970a5ed93
2,1/2,pay,0,4,0,reservation_only,47123,0xac354886d2202690afec41a73fb06ac9002f768460668b38069441a3cc709f52
2,1,deploy,,,,deploy,800128,0x6e4be5a0055b00e80e451c820413d5d28bd1f759e8416d5d33448b6dec114a3a
2,1,pay,1,1,0,reservation_only,47123,0xfb375ca8b317deae6679f761347eb6d26b90ae34f2f5a576e34dd0fc24a74c9a
2,1,pay,1,2,0,reservation_only,47123,0x7ec0eb3820d949ab382d0ba4ca2338dc080d667f592d756d4b428fb3fb691469
2,1,pay,1,3,0,reservation_only,47123,0x76a1204adf0f94b2385db00583a68e6d6b94897260376a5d9152032670c23d26
2,1,pay,0,4,0,reservation_only,47123,0xb60a1e08d5449ed77a6630e635c64597f5e422d951d7f546001c826ac41f5bc2
5,0,deploy,,,,deploy,874990,0xb3353d9e5a8d20a0d29afae41d18626002515c4e09f6957f3d2d3b1dbb9eb4c7
5,0,pay,4,1,1000000,surplus_first_write,69737,0x4291c3dda51c36da5e0bbe33fa548ae6ea70b6e9bc8557cafd0311714f7d7e85
5,0,pay,4,2,1000000,surplus_repeat,52637,0x2b9ba112c1a87ee0bcc4ef32f3bb19432f81cda0cc5b389678bc225f9124fcec
5,0,pay,4,3,1000000,surplus_repeat,52637,0x4cdbc086438cb9b4c6d13b2599410a985e8d5fc085719ef52424c7b21c680b74
5,0,pay,0,4,1000000,surplus_repeat,52637,0xca371cc914561f39ea7b2513044378fd155853abf6ade42ba4f52d423996aa50
5,1/2,deploy,,,,deploy,875002,0x3529bf837caa203ec6df24849e0571635e8f62bf4551b9324aae984d30a86ac8
5,1/2,pay,4,1,0,reservation_only,47123,0x4553895fbde719bffbbf6249d218cae2d049d561b149f56aaaa01edd63eb4e69
5,1/2,pay,4,2,0,reservation_only,47123,0x7cce61ae01a760033d1d35d890df84ddac4e0ca2b298e9591fd96ac90e518dff
5,1/2,pay,4,3,0,reservation_only,47123,0x3cfb2e5700fe5e75285e6875285df938dacf07f11b4a118b2f351c5bfd12a10b
5,1/2,pay,0,4,0,reservation_only,47123,0xeb8ced62a9cfc4b90e79ae07e982219bbd0444f98bcc2f1fb74c7c1d5043e0f0
5,1,deploy,,,,deploy,875002,0xc2aa4c97096d4a65f5e0c7c89a392f5a76fd30f402faef7ba183120dbd0170b1
5,1,pay,4,1,0,reservation_only,47123,0xcb88b8662043ce20b6d8c6a654fcd55e4a2cc61be1ec6cf561d213907685cb49
5,1,pay,4,2,0,reservation_only,47123,0x14be4c1530dc4bde37cfa697231904b2c148937d26c8200dad82e443be26b7d1
5,1,pay,4,3,0,reservation_only,47123,0x7fd7982b0f1386ebb16fe96d7c3aa4ead2abc710f6fc8c1adae8e09533d4a07e
5,1,pay,0,4,0,reservation_only,47123,0x87e4bca032b0c53cf08d9eece0d20ab73b083464ffebce5ba369639e2ac551f9
10,0,deploy,,,,deploy,999768,0x3e3158a93730026da0adb9564cb6534c87f5efcda1917a22ea08729f529f1109
10,0,pay,9,1,1000000,surplus_first_write,69737,0x78e748aafe3be26c8b6eec57a52dead46adeb9e5a0228a499edf64ace710e159
10,0,pay,9,2,1000000,surplus_repeat,52637,0x36c31fb8a8dcc9d7163df4c7401172fbff485fdcdc1ec1dc7d0ac1bf58a8921b
10,0,pay,9,3,1000000,surplus_repeat,52637,0x607adaab800409fcee168245af14eece6d2bb60bfe2e18214dac503b998eb587
10,0,pay,0,4,1000000,surplus_repeat,52637,0xadc1faace93e088e54267fa3e9c52e81ac15ea85d4c934dd59e8e9101dc0af64
10,1/2,deploy,,,,deploy,999780,0x169368e62a8cfd03e08dca693fe748b47d556bb4671ced38901292c7d55cf08a
10,1/2,pay,9,1,0,reservation_only,47123,0xd2b81fbb5653c4904b2fc5208937c7a8731d22c660f91c93b1a543f081904945
10,1/2,pay,9,2,0,reservation_only,47123,0x7ad73d07c9763f7f747ee72d4c8080f40d531e4c3fce3a80a4e4041a5e10e8be
10,1/2,pay,9,3,0,reservation_only,47123,0xcf564fcfa2e05db3e4cf18afe44b9310a050d1bf93e86efa69f3d14d9d403609
10,1/2,pay,0,4,0,reservation_only,47123,0x5e7bbac24dd0d2ffd94087b7d859d3960710abaaf8e790e0377ffe7fd42c547b
10,1,deploy,,,,deploy,999780,0x06671b8f4f465d49448b605399bc36503f4a74112ec72274ebf74b06a2b835ea
10,1,pay,9,1,0,reservation_only,47123,0xd20a6eb59146020c802e1780781e66bf1182da4cd0d42e22f912be562b0e7af2
10,1,pay,9,2,0,reservation_only,47123,0xdeb7b70c8d6895e739d8a6d76cbfc674a8d088c059065555f3dfb1b06d90a675
10,1,pay,9,3,0,reservation_only,47123,0x86c9e84b275bfbc806292603895ea97ef919752a2be503eb97abf8bec6b68c24
10,1,pay,0,4,0,reservation_only,47123,0xf2e8438db418c8cec73e897b4d825080fcdb91dc74b403359c392647146f5ba6
20,0,deploy,,,,deploy,1249438,0x2f8434d5eadd0c2c523f174218c51beed23d01bb8b4c57ba8c5f91f0dd94d33d
20,0,pay,19,1,1000000,surplus_first_write,69737,0x8b767e97a7523af7c1459e51311e60aecc1ae4e4f7e9866193183638c052aa26
20,0,pay,19,2,1000000,surplus_repeat,52637,0x54c3c02701560a0027bd0c777692c00feec2d1364538735996f622e19769f48e
20,0,pay,19,3,1000000,surplus_repeat,52637,0xead8d50725c3f5e412df74ee64b2d53899f1e0ff52716bc8c7945afa74e75cbf
20,0,pay,0,4,1000000,surplus_repeat,52637,0x5767fa368b92f8113290e40f7a63d4ed4aa55f5077a8cdf9e249879fa7997861
20,1/2,deploy,,,,deploy,1249450,0x21ffcc305acfb5840cddaf919d632aed618a4e608e45ad7e027f4972c095ec01
20,1/2,pay,19,1,0,reservation_only,47123,0xe20c68e442ba87a45b7fd18e9fbc407580877225ca20b7141eb373d7d5c7a2a2
20,1/2,pay,19,2,0,reservation_only,47123,0xbc88c34a49e7602a86ce81c2025bb8dd52b6fed0c79941774621a7b3710dba32
20,1/2,pay,19,3,0,reservation_only,47123,0x9332f12b9b18d9fe54f2f04d0bb868926b23d6bd1fad1615ad78c8319af0d2cc
20,1/2,pay,0,4,0,reservation_only,47123,0x29b63c70d694e7ed57645ca9cd417f9c4c6a63295a8c5fab38916333a30f6cba
20,1,deploy,,,,deploy,1249450,0x0243d5a8bd623d497f80a558d0e80e76a4966decbb6afca59a9c4df131c0f437
20,1,pay,19,1,0,reservation_only,47123,0x2ce3b7d76cfbd228255b73a443ee6956647f2f899a5a3e97be7f45d1d5780552
20,1,pay,19,2,0,reservation_only,47123,0xc89d5e4f4c14b0eea25f43e82b69659f1cc85664ebe92d5950be789c9b7b837b
20,1,pay,19,3,0,reservation_only,47123,0xef5655a359677eaed495c18f8b2ffeb213858307da35857d0359b7f1b21da07f
20,1,pay,0,4,0,reservation_only,47123,0x8e56686e71f6e34ec2f942834f02a6537b93380134315754d8a05ed5b16be7ce
50,0,deploy,,,,deploy,1998720,0xa91bb7d42242191aef547bf72a30c5431acafc4635d594d88c80a2373bbaa123
50,0,pay,49,1,1000000,surplus_first_write,69737,0xaa218f9fa481068a86e5a3ed6bc4e482dfbc3d7065ba23052520da29d1553523
50,0,pay,49,2,1000000,surplus_repeat,52637,0x648a2f62a7c8dbda834a722006e1ff201f9002a958a760599a415852c1004c93
50,0,pay,49,3,1000000,surplus_repeat,52637,0x78a8e81834c0bf1e8c7bfab83a470cc8036497140cda61b9fe7e450c217ee368
50,0,pay,0,4,1000000,surplus_repeat,52637,0xdfc6d67fed666016517e65aa92b3b171d1737dbbab1ad81a9bef089157bb21ad
50,1/2,deploy,,,,deploy,1998732,0x44c8c587f21d37415f25a237c8a4aac027b7a0f4436e1bef7364373a28be2414
50,1/2,pay,49,1,0,reservation_only,47123,0xa2ae170f3597232de43f8f5e67be8f311b73e7f7bf0373229abb9d93d8935053
50,1/2,pay,49,2,0,reservation_only,47123,0x23d25ef9076af91641aa3d64c5785adda6734d58c97bfae121d1ff7ad884570f
50,1/2,pay,49,3,0,reservation_only,47123,0xf4a1ec9c2e837796973b7b4da225eccc7ddb7482abcc0d83cc2b4838b24a4bdc
50,1/2,pay,0,4,0,reservation_only,47123,0x59b866a84adfcfb9c307a0dcfb9c3ca14bd895d0d3b6e35956bae3c9e7b76d67
50,1,deploy,,,,deploy,1998732,0x5d526ce9cefe8d2ce119e0c3b74bf0ed820f4526843d39b9fdb100f0eea980c9
50,1,pay,49,1,0,reservation_only,47123,0x44a2f98f815d25943cbe45558db1772887a0817f88c28d8fd43901c0c1cc04d4
50,1,pay,49,2,0,reservation_only,47123,0x0b614f6a5abfbbe60fc4bcc30242b402b8898a4f9d397f89873ab6987f073c03
50,1,pay,49,3,0,reservation_only,47123,0x1a05e49be347b39ed8a80e66a9b13e55e3bb15dc2513b5ec70af28380df39f00
50,1,pay,0,4,0,reservation_only,47123,0x993e4d56ee99bfe0511c8f24a4757829d3d1dabbfbb5a04bd7125131ba00fafd
