n,budget,rho,accepted,accepted_with_spill,rejected,rollovers
10,18446744073709551615,3/4,60,4,11,9
10,18446744073709551615,3/4,60,15,9,5
10,18446744073709551615,3/4,58,3,4,5
10,18446744073709551615,3/4,50,7,9,3
10,18446744073709551615,3/4,57,4,8,6
10,18446744073709551615,3/4,53,3,5,9
10,18446744073709551615,3/4,54,6,3,4
10,18446744073709551615,3/4,59,4,8,10
10,18446744073709551615,3/4,64,5,10,6
10,18446744073709551615,3/4,55,5,9,3
10,18446744073709551615,3/4,56,7,6,3
10,18446744073709551615,3/4,55,3,4,7
10,18446744073709551615,3/4,58,1,6,5
10,18446744073709551615,3/4,67,3,5,8
10,18446744073709551615,3/4,59,16,7,1
10,18446744073709551615,3/4,59,6,6,9
10,18446744073709551615,3/4,50,5,10,5
10,18446744073709551615,3/4,59,2,4,5
10,18446744073709551615,3/4,63,1,3,10
10,18446744073709551615,3/4,47,2,13,4
10,18446744073709551615,3/4,52,2,6,10
10,18446744073709551615,3/4,57,4,4,4
10,18446744073709551615,3/4,61,4,6,5
10,18446744073709551615,3/4,62,11,9,2
10,18446744073709551615,3/4,56,6,5,10
10,18446744073709551615,3/4,59,0,8,6
10,18446744073709551615,3/4,52,5,10,8
10,18446744073709551615,3/4,54,1,6,3
10,18446744073709551615,3/4,50,2,8,7
10,18446744073709551615,3/4,53,18,1,3
10,18446744073709551615,3/4,57,7,3,3
10,18446744073709551615,3/4,54,5,7,5
10,18446744073709551615,3/4,48,2,4,8
10,18446744073709551615,3/4,58,4,7,6
10,18446744073709551615,3/4,52,3,6,6
10,18446744073709551615,3/4,58,2,6,7
10,18446744073709551615,3/4,54,10,14,4
10,18446744073709551615,3/4,62,3,3,5
10,18446744073709551615,3/4,65,7,3,6
10,18446744073709551615,3/4,55,1,5,6
10,18446744073709551615,3/4,53,1,10,8
10,18446744073709551615,3/4,63,5,6,6
10,18446744073709551615,3/4,51,1,4,6
10,18446744073709551615,3/4,68,5,8,4
10,18446744073709551615,3/4,56,8,6,7
10,18446744073709551615,3/4,60,4,3,9
10,18446744073709551615,3/4,61,5,8,3
10,18446744073709551615,3/4,55,3,8,3
10,18446744073709551615,3/4,55,1,9,7
10,18446744073709551615,3/4,70,8,5,2
10,18446744073709551615,3/4,55,0,7,9
10,18446744073709551615,3/4,57,4,10,3
10,18446744073709551615,3/4,56,9,8,6
10,18446744073709551615,3/4,57,0,7,7
10,18446744073709551615,3/4,66,5,6,5
10,18446744073709551615,3/4,59,8,8,6
10,18446744073709551615,3/4,57,3,9,7
10,18446744073709551615,3/4,59,11,8,9
10,18446744073709551615,3/4,57,1,7,7
10,18446744073709551615,3/4,64,4,5,9
10,18446744073709551615,3/4,66,1,8,5
10,18446744073709551615,3/4,62,8,8,6
10,18446744073709551615,3/4,48,3,11,7
10,18446744073709551615,3/4,55,1,8,6
10,18446744073709551615,3/4,55,1,8,6
2,1000,0/1,39,39,32,7
2,1000,0/1,30,30,39,4
2,1000,0/1,32,32,30,5
2,1000,0/1,33,33,26,4
2,1000,0/1,21,21,44,7
2,1000,0/1,41,41,17,10
2,1000,0/1,36,36,21,4
2,1000,0/1,39,39,28,11
2,1000,0/1,35,35,39,7
2,1000,0/1,21,21,43,3
2,1000,0/1,21,21,41,1
2,1000,0/1,33,33,26,9
2,1000,0/1,19,19,45,4
2,1000,0/1,33,33,39,6
2,1000,0/1,14,14,52,1
2,1000,0/1,30,30,35,7
2,1000,0/1,24,24,36,5
2,1000,0/1,35,35,28,6
2,1000,0/1,35,35,31,10
2,1000,0/1,24,24,36,4
2,1000,0/1,41,41,17,10
2,1000,0/1,36,36,25,4
2,1000,0/1,27,27,40,6
2,1000,0/1,29,29,42,2
2,1000,0/1,41,41,20,14
2,1000,0/1,28,28,39,8
2,1000,0/1,34,34,28,8
2,1000,0/1,30,30,30,4
2,1000,0/1,29,29,29,6
2,1000,0/1,22,22,32,3
2,1000,0/1,31,31,29,3
2,1000,0/1,35,35,26,7
2,1000,0/1,38,38,14,9
2,1000,0/1,28,28,37,4
2,1000,0/1,36,36,22,8
2,1000,0/1,41,41,23,10
2,1000,0/1,23,23,45,4
2,1000,0/1,27,27,38,3
2,1000,0/1,42,42,26,8
2,1000,0/1,33,33,27,5
2,1000,0/1,28,28,35,6
2,1000,0/1,29,29,40,4
2,1000,0/1,32,32,23,6
2,1000,0/1,30,30,46,4
2,1000,0/1,17,17,45,2
2,1000,0/1,43,43,20,9
2,1000,0/1,26,26,43,5
2,1000,0/1,33,33,30,5
2,1000,0/1,35,35,29,7
2,1000,0/1,25,25,50,2
2,1000,0/1,35,35,27,8
2,1000,0/1,27,27,40,3
2,1000,0/1,37,37,27,6
2,1000,0/1,39,39,25,8
2,1000,0/1,26,26,46,3
2,1000,0/1,20,20,47,5
2,1000,0/1,40,40,26,6
2,1000,0/1,33,33,34,9
2,1000,0/1,36,36,28,6
2,1000,0/1,25,25,44,8
2,1000,0/1,22,22,52,3
2,1000,0/1,30,30,40,4
2,1000,0/1,35,35,24,9
2,1000,0/1,32,32,31,4
2,1000,0/1,32,32,31,4
3,100,1/1,35,0,36,7
3,100,1/1,26,0,43,3
3,100,1/1,31,0,31,5
3,100,1/1,32,0,27,8
3,100,1/1,25,0,40,5
3,100,1/1,32,0,26,8
3,100,1/1,26,0,31,3
3,100,1/1,29,0,38,9
3,100,1/1,21,0,53,4
3,100,1/1,28,0,36,4
3,100,1/1,19,0,43,2
3,100,1/1,30,0,29,8
3,100,1/1,25,0,39,3
3,100,1/1,30,0,42,6
3,100,1/1,18,0,48,2
3,100,1/1,29,0,36,8
3,100,1/1,24,0,36,5
3,100,1/1,28,0,35,6
3,100,1/1,33,0,33,10
3,100,1/1,26,0,34,4
3,100,1/1,36,0,22,8
3,100,1/1,23,0,38,3
3,100,1/1,36,0,31,4
3,100,1/1,27,0,44,4
3,100,1/1,30,0,31,10
3,100,1/1,34,0,33,5
3,100,1/1,27,0,35,5
3,100,1/1,27,0,33,6
3,100,1/1,31,0,27,9
3,100,1/1,18,0,36,4
3,100,1/1,27,0,33,4
3,100,1/1,26,0,35,7
3,100,1/1,32,0,20,7
3,100,1/1,21,0,44,5
3,100,1/1,28,0,30,8
3,100,1/1,28,0,36,7
3,100,1/1,25,0,43,6
3,100,1/1,21,0,44,4
3,100,1/1,32,0,36,9
3,100,1/1,27,0,33,4
3,100,1/1,27,0,36,6
3,100,1/1,24,0,45,4
3,100,1/1,26,0,29,6
3,100,1/1,27,0,49,4
3,100,1/1,26,0,36,4
3,100,1/1,34,0,29,8
3,100,1/1,25,0,44,1
3,100,1/1,15,0,48,2
3,100,1/1,34,0,30,11
3,100,1/1,34,0,41,2
3,100,1/1,31,0,31,10
3,100,1/1,27,0,40,3
3,100,1/1,35,0,29,8
3,100,1/1,35,0,29,8
3,100,1/1,25,0,47,3
3,100,1/1,21,0,46,7
3,100,1/1,25,0,41,6
3,100,1/1,33,0,34,8
3,100,1/1,26,0,38,5
3,100,1/1,28,0,41,8
3,100,1/1,34,0,40,7
3,100,1/1,31,0,39,4
3,100,1/1,31,0,28,9
3,100,1/1,27,0,36,4
3,100,1/1,27,0,36,4
3,100,1/2,30,16,41,8
3,100,1/2,24,16,45,3
3,100,1/2,27,18,35,5
3,100,1/2,38,21,21,6
3,100,1/2,26,13,39,5
3,100,1/2,36,21,22,10
3,100,1/2,28,18,29,5
3,100,1/2,36,27,31,9
3,100,1/2,30,20,44,5
3,100,1/2,17,15,47,6
3,100,1/2,27,15,35,2
3,100,1/2,31,20,28,5
3,100,1/2,23,15,41,4
3,100,1/2,38,20,34,8
3,100,1/2,22,15,44,3
3,100,1/2,29,19,36,8
3,100,1/2,25,17,35,5
3,100,1/2,26,16,37,4
3,100,1/2,36,27,30,9
3,100,1/2,25,10,35,5
3,100,1/2,41,22,17,10
3,100,1/2,29,22,32,4
3,100,1/2,36,21,31,6
3,100,1/2,26,18,45,2
3,100,1/2,35,22,26,10
3,100,1/2,27,15,40,4
3,100,1/2,30,14,32,7
3,100,1/2,33,22,27,5
3,100,1/2,31,17,27,8
3,100,1/2,19,12,35,4
3,100,1/2,25,15,35,3
3,100,1/2,23,11,38,7
3,100,1/2,35,22,17,9
3,100,1/2,16,11,49,4
3,100,1/2,32,23,26,5
3,100,1/2,31,20,33,7
3,100,1/2,14,10,54,3
3,100,1/2,24,10,41,3
3,100,1/2,41,23,27,8
3,100,1/2,37,20,23,7
3,100,1/2,32,19,31,8
3,100,1/2,20,9,49,5
3,100,1/2,31,16,24,6
3,100,1/2,30,16,46,5
3,100,1/2,21,12,41,2
3,100,1/2,33,24,30,8
3,100,1/2,17,11,52,1
3,100,1/2,22,14,41,3
3,100,1/2,36,26,28,8
3,100,1/2,33,16,42,7
3,100,1/2,31,17,31,10
3,100,1/2,21,13,46,3
3,100,1/2,31,18,33,7
3,100,1/2,26,17,38,6
3,100,1/2,25,13,47,3
3,100,1/2,29,15,38,7
3,100,1/2,33,20,33,6
3,100,1/2,34,18,33,11
3,100,1/2,27,18,37,6
3,100,1/2,24,19,45,8
3,100,1/2,34,27,40,4
3,100,1/2,25,13,45,3
3,100,1/2,32,18,27,7
3,100,1/2,34,22,29,4
3,100,1/2,34,22,29,4
50,1000,1/3,55,40,16,7
50,1000,1/3,43,35,26,4
50,1000,1/3,48,35,14,5
50,1000,1/3,44,30,15,7
50,1000,1/3,34,22,31,3
50,1000,1/3,48,35,10,13
50,1000,1/3,36,25,21,3
50,1000,1/3,49,38,18,8
50,1000,1/3,53,38,21,7
50,1000,1/3,32,14,32,3
50,1000,1/3,50,39,12,5
50,1000,1/3,50,32,9,6
50,1000,1/3,51,39,13,4
50,1000,1/3,51,37,21,6
50,1000,1/3,35,26,31,4
50,1000,1/3,43,34,22,11
50,1000,1/3,40,32,20,6
50,1000,1/3,42,29,21,5
50,1000,1/3,50,41,16,10
50,1000,1/3,42,32,18,5
50,1000,1/3,43,29,15,11
50,1000,1/3,50,31,11,4
50,1000,1/3,51,34,16,5
50,1000,1/3,49,42,22,2
50,1000,1/3,52,39,9,10
50,1000,1/3,50,42,17,6
50,1000,1/3,48,34,14,9
50,1000,1/3,43,33,17,4
50,1000,1/3,44,36,14,10
50,1000,1/3,35,28,19,5
50,1000,1/3,49,30,11,5
50,1000,1/3,46,33,15,6
50,1000,1/3,42,31,10,8
50,1000,1/3,49,40,16,4
50,1000,1/3,39,25,19,4
50,1000,1/3,50,40,14,8
50,1000,1/3,44,31,24,6
50,1000,1/3,52,38,13,4
50,1000,1/3,45,30,23,5
50,1000,1/3,47,39,13,6
50,1000,1/3,46,40,17,7
50,1000,1/3,49,35,20,5
50,1000,1/3,43,32,12,9
50,1000,1/3,54,40,22,4
50,1000,1/3,45,35,17,6
50,1000,1/3,50,36,13,8
50,1000,1/3,52,37,17,3
50,1000,1/3,47,31,16,3
50,1000,1/3,42,25,22,8
50,1000,1/3,58,45,17,4
50,1000,1/3,45,31,17,10
50,1000,1/3,45,29,22,4
50,1000,1/3,48,43,16,7
50,1000,1/3,50,36,14,8
50,1000,1/3,54,44,18,4
50,1000,1/3,44,33,23,6
50,1000,1/3,48,35,18,7
50,1000,1/3,51,36,16,8
50,1000,1/3,49,35,15,6
50,1000,1/3,52,39,17,9
50,1000,1/3,58,46,16,4
50,1000,1/3,49,35,21,5
50,1000,1/3,45,37,14,8
50,1000,1/3,50,40,13,6
50,1000,1/3,50,40,13,6
5,101,1/4,36,29,35,7
5,101,1/4,31,25,38,3
5,101,1/4,34,29,28,7
5,101,1/4,34,27,25,6
5,101,1/4,31,26,34,5
5,101,1/4,43,33,15,10
5,101,1/4,32,30,25,5
5,101,1/4,34,27,33,7
5,101,1/4,40,27,34,8
5,101,1/4,27,20,37,4
5,101,1/4,34,29,28,4
5,101,1/4,34,27,25,6
5,101,1/4,22,15,42,4
5,101,1/4,38,32,34,7
5,101,1/4,14,11,52,2
5,101,1/4,32,26,33,8
5,101,1/4,26,22,34,4
5,101,1/4,37,32,26,6
5,101,1/4,28,22,38,7
5,101,1/4,19,11,41,4
5,101,1/4,34,24,24,10
5,101,1/4,34,25,27,5
5,101,1/4,26,16,41,5
5,101,1/4,23,19,48,3
5,101,1/4,43,38,18,11
5,101,1/4,27,22,40,6
5,101,1/4,35,26,27,8
5,101,1/4,27,20,33,6
5,101,1/4,30,25,28,6
5,101,1/4,41,34,13,9
5,101,1/4,38,32,22,5
5,101,1/4,20,16,41,4
5,101,1/4,34,24,18,8
5,101,1/4,18,13,47,3
5,101,1/4,30,20,28,6
5,101,1/4,36,27,28,10
5,101,1/4,18,13,50,3
5,101,1/4,33,28,32,4
5,101,1/4,42,34,26,9
5,101,1/4,28,21,32,5
5,101,1/4,28,23,35,6
5,101,1/4,27,19,42,5
5,101,1/4,31,24,24,8
5,101,1/4,25,21,51,4
5,101,1/4,25,20,37,4
5,101,1/4,37,29,26,10
5,101,1/4,16,13,53,2
5,101,1/4,29,22,34,5
5,101,1/4,35,30,29,8
5,101,1/4,27,21,48,3
5,101,1/4,31,23,31,8
5,101,1/4,37,34,30,3
5,101,1/4,32,28,32,8
5,101,1/4,30,25,34,8
5,101,1/4,28,20,44,4
5,101,1/4,20,13,47,5
5,101,1/4,28,21,38,5
5,101,1/4,34,24,33,9
5,101,1/4,26,19,38,5
5,101,1/4,31,24,38,9
5,101,1/4,33,26,41,4
5,101,1/4,26,24,44,5
5,101,1/4,31,26,28,8
5,101,1/4,39,34,24,7
5,101,1/4,39,34,24,7
