rho_num,rho_den,agent,role,reservation,demanded,granted,rejected_requests
0,10,A,first_mover,0,100,100,0
0,10,B,later,0,30,0,3
0,10,C,later,0,30,0,3
1,10,A,first_mover,4,100,90,1
1,10,B,later,3,30,0,3
1,10,C,later,3,30,0,3
2,10,A,first_mover,7,100,80,2
2,10,B,later,7,30,10,2
2,10,C,later,6,30,10,2
3,10,A,first_mover,10,100,80,2
3,10,B,later,10,30,10,2
3,10,C,later,10,30,10,2
4,10,A,first_mover,14,100,70,3
4,10,B,later,13,30,10,2
4,10,C,later,13,30,10,2
5,10,A,first_mover,17,100,60,4
5,10,B,later,17,30,20,1
5,10,C,later,16,30,20,1
6,10,A,first_mover,20,100,60,4
6,10,B,later,20,30,20,1
6,10,C,later,20,30,20,1
7,10,A,first_mover,24,100,50,5
7,10,B,later,23,30,20,1
7,10,C,later,23,30,20,1
8,10,A,first_mover,27,100,40,6
8,10,B,later,27,30,30,0
8,10,C,later,26,30,30,0
9,10,A,first_mover,30,100,40,6
9,10,B,later,30,30,30,0
9,10,C,later,30,30,30,0
10,10,A,first_mover,34,100,30,7
10,10,B,later,33,30,30,0
10,10,C,later,33,30,30,0
