rho,n,k,mode,transactions,total_gas,gas_per_payment
0,10,1,batched,1,56529,56529.0
0,10,1,separate,1,52637,52637.0
0,10,2,batched,1,66519,33259.5
0,10,2,separate,2,105274,52637.0
0,10,4,batched,1,86499,21624.8
0,10,4,separate,4,210548,52637.0
0,10,8,batched,1,126459,15807.4
0,10,8,separate,8,421096,52637.0
0,10,16,batched,1,206379,12898.7
0,10,16,separate,16,842192,52637.0
1,10,1,batched,1,51015,51015.0
1,10,1,separate,1,47123,47123.0
1,10,2,batched,1,60291,30145.5
1,10,2,separate,2,94246,47123.0
1,10,4,batched,1,78843,19710.8
1,10,4,separate,4,188492,47123.0
1,10,8,batched,1,115947,14493.4
1,10,8,separate,8,376984,47123.0
1,10,16,batched,1,190155,11884.7
1,10,16,separate,16,753968,47123.0
