implementation,n,profile,path,weights,amount,from_surplus,samples,gas_min,gas_median,gas_max
baseline,2,equal,deploy,"[1,1]",,,1,800128,800128,800128
baseline,2,equal,reservation_only_first,"[1,1]",1000000,0,1,47123,47123,47123
baseline,2,equal,reservation_only_repeat,"[1,1]",1000000,0,1,47123,47123,47123
baseline,2,equal,surplus_first,"[1,1]",249998000001,1,1,69823,69823,69823
baseline,2,equal,surplus_repeat,"[1,1]",1000000,1000000,1,52637,52637,52637
baseline,5,equal,deploy,"[1,1,1,1,1]",,,1,875002,875002,875002
baseline,5,equal,reservation_only_first,"[1,1,1,1,1]",1000000,0,1,47123,47123,47123
baseline,5,equal,reservation_only_repeat,"[1,1,1,1,1]",1000000,0,1,47123,47123,47123
baseline,5,equal,surplus_first,"[1,1,1,1,1]",99998000001,1,1,69823,69823,69823
baseline,5,equal,surplus_repeat,"[1,1,1,1,1]",1000000,1000000,1,52637,52637,52637
baseline,10,equal,deploy,"[1,1,1,1,1,1,1,1,1,1]",,,1,999780,999780,999780
baseline,10,equal,reservation_only_first,"[1,1,1,1,1,1,1,1,1,1]",1000000,0,1,47123,47123,47123
baseline,10,equal,reservation_only_repeat,"[1,1,1,1,1,1,1,1,1,1]",1000000,0,1,47123,47123,47123
baseline,10,equal,surplus_first,"[1,1,1,1,1,1,1,1,1,1]",49998000001,1,1,69823,69823,69823
baseline,10,equal,surplus_repeat,"[1,1,1,1,1,1,1,1,1,1]",1000000,1000000,1,52637,52637,52637
baseline,20,equal,deploy,"[1,1,1,1,1,1,1,1,1,1,1,1,1,1,1,1,1,1,1,1]",,,1,1249450,1249450,1249450
baseline,20,equal,reservation_only_first,"[1,1,1,1,1,1,1,1,1,1,1,1,1,1,1,1,1,1,1,1]",1000000,0,1,47123,47123,47123
baseline,20,equal,reservation_only_repeat,"[1,1,1,1,1,1,1,1,1,1,1,1,1,1,1,1,1,1,1,1]",1000000,0,1,47123,47123,47123
baseline,20,equal,surplus_first,"[1,1,1,1,1,1,1,1,1,1,1,1,1,1,1,1,1,1,1,1]",24998000001,1,1,69823,69823,69823
baseline,20,equal,surplus_repeat,"[1,1,1,1,1,1,1,1,1,1,1,1,1,1,1,1,1,1,1,1]",1000000,1000000,1,52637,52637,52637
baseline,50,equal,deploy,"[1,1,1,1,1,1,1,1,1,1,1,1,1,1,1,1,1,1,1,1,1,1,1,1,1,1,1,1,1,1,1,1,1,1,1,1,1,1,1,1,1,1,1,1,1,1,1,1,1,1]",,,1,1998732,1998732,1998732
baseline,50,equal,reservation_only_first,"[1,1,1,1,1,1,1,1,1,1,1,1,1,1,1,1,1,1,1,1,1,1,1,1,1,1,1,1,1,1,1,1,1,1,1,1,1,1,1,1,1,1,1,1,1,1,1,1,1,1]",1000000,0,1,47123,47123,47123
baseline,50,equal,reservation_only_repeat,"[1,1,1,1,1,1,1,1,1,1,1,1,1,1,1,1,1,1,1,1,1,1,1,1,1,1,1,1,1,1,1,1,1,1,1,1,1,1,1,1,1,1,1,1,1,1,1,1,1,1]",1000000,0,1,47123,47123,47123
baseline,50,equal,surplus_first,"[1,1,1,1,1,1,1,1,1,1,1,1,1,1,1,1,1,1,1,1,1,1,1,1,1,1,1,1,1,1,1,1,1,1,1,1,1,1,1,1,1,1,1,1,1,1,1,1,1,1]",9998000001,1,1,69823,69823,69823
baseline,50,equal,surplus_repeat,"[1,1,1,1,1,1,1,1,1,1,1,1,1,1,1,1,1,1,1,1,1,1,1,1,1,1,1,1,1,1,1,1,1,1,1,1,1,1,1,1,1,1,1,1,1,1,1,1,1,1]",1000000,1000000,1,52637,52637,52637
weighted_optimized,2,dominant,deploy,"[1,200]",,,1,842108,842108,842108
weighted_optimized,2,dominant,reservation_only_first,"[1,200]",1000000,0,1,48865,48865,48865
weighted_optimized,2,dominant,reservation_only_repeat,"[1,200]",1000000,0,1,48865,48865,48865
weighted_optimized,2,dominant,surplus_first,"[1,200]",497510437812,1,1,71565,71565,71565
weighted_optimized,2,dominant,surplus_repeat,"[1,200]",1000000,1000000,1,54379,54379,54379
weighted_optimized,2,equal,deploy,"[1,1]",,,1,842134,842134,842134
weighted_optimized,2,equal,reservation_only_first,"[1,1]",1000000,0,1,48865,48865,48865
weighted_optimized,2,equal,reservation_only_repeat,"[1,1]",1000000,0,1,48865,48865,48865
weighted_optimized,2,equal,surplus_first,"[1,1]",249998000001,1,1,71565,71565,71565
weighted_optimized,2,equal,surplus_repeat,"[1,1]",1000000,1000000,1,54379,54379,54379
weighted_optimized,2,high_skew,deploy,"[1,2]",,,1,842108,842108,842108
weighted_optimized,2,high_skew,reservation_only_first,"[1,2]",1000000,0,1,48865,48865,48865
weighted_optimized,2,high_skew,reservation_only_repeat,"[1,2]",1000000,0,1,48865,48865,48865
weighted_optimized,2,high_skew,surplus_first,"[1,2]",333331333334,1,1,71565,71565,71565
weighted_optimized,2,high_skew,surplus_repeat,"[1,2]",1000000,1000000,1,54379,54379,54379
weighted_optimized,2,mild_skew,deploy,"[1,2]",,,1,842108,842108,842108
weighted_optimized,2,mild_skew,reservation_only_first,"[1,2]",1000000,0,1,48865,48865,48865
weighted_optimized,2,mild_skew,reservation_only_repeat,"[1,2]",1000000,0,1,48865,48865,48865
weighted_optimized,2,mild_skew,surplus_first,"[1,2]",333331333334,1,1,71565,71565,71565
weighted_optimized,2,mild_skew,surplus_repeat,"[1,2]",1000000,1000000,1,54379,54379,54379
weighted_optimized,5,dominant,deploy,"[1,1,1,1,500]",,,1,994871,994871,994871
weighted_optimized,5,dominant,reservation_only_first,"[1,1,1,1,500]",1000000,0,1,48865,48865,48865
weighted_optimized,5,dominant,reservation_only_repeat,"[1,1,1,1,500]",1000000,0,1,48865,48865,48865
weighted_optimized,5,dominant,surplus_first,"[1,1,1,1,500]",496029746033,1,1,71565,71565,71565
weighted_optimized,5,dominant,surplus_repeat,"[1,1,1,1,500]",1000000,1000000,1,54379,54379,54379
weighted_optimized,5,equal,deploy,"[1,1,1,1,1]",,,1,995335,995335,995335
weighted_optimized,5,equal,reservation_only_first,"[1,1,1,1,1]",1000000,0,1,48865,48865,48865
weighted_optimized,5,equal,reservation_only_repeat,"[1,1,1,1,1]",1000000,0,1,48865,48865,48865
weighted_optimized,5,equal,surplus_first,"[1,1,1,1,1]",99998000001,1,1,71565,71565,71565
weighted_optimized,5,equal,surplus_repeat,"[1,1,1,1,1]",1000000,1000000,1,54379,54379,54379
weighted_optimized,5,high_skew,deploy,"[1,2,3,4,5]",,,1,994383,994383,994383
weighted_optimized,5,high_skew,reservation_only_first,"[1,2,3,4,5]",1000000,0,1,48865,48865,48865
weighted_optimized,5,high_skew,reservation_only_repeat,"[1,2,3,4,5]",1000000,0,1,48865,48865,48865
weighted_optimized,5,high_skew,surplus_first,"[1,2,3,4,5]",166664666668,1,1,71565,71565,71565
weighted_optimized,5,high_skew,surplus_repeat,"[1,2,3,4,5]",1000000,1000000,1,54379,54379,54379
weighted_optimized,5,mild_skew,deploy,"[1,2,1,2,1]",,,1,994683,994683,994683
weighted_optimized,5,mild_skew,reservation_only_first,"[1,2,1,2,1]",1000000,0,1,48865,48865,48865
weighted_optimized,5,mild_skew,reservation_only_repeat,"[1,2,1,2,1]",1000000,0,1,48865,48865,48865
weighted_optimized,5,mild_skew,surplus_first,"[1,2,1,2,1]",71426571429,1,1,71565,71565,71565
weighted_optimized,5,mild_skew,surplus_repeat,"[1,2,1,2,1]",1000000,1000000,1,54379,54379,54379
weighted_optimized,10,dominant,deploy,"[1,1,1,1,1,1,1,1,1,1000]",,,1,1264581,1264581,1264581
weighted_optimized,10,dominant,reservation_only_first,"[1,1,1,1,1,1,1,1,1,1000]",1000000,0,1,48865,48865,48865
weighted_optimized,10,dominant,reservation_only_repeat,"[1,1,1,1,1,1,1,1,1,1000]",1000000,0,1,48865,48865,48865
weighted_optimized,10,dominant,surplus_first,"[1,1,1,1,1,1,1,1,1,1000]",495538138752,1,1,71565,71565,71565
weighted_optimized,10,dominant,surplus_repeat,"[1,1,1,1,1,1,1,1,1,1000]",1000000,1000000,1,54379,54379,54379
weighted_optimized,10,equal,deploy,"[1,1,1,1,1,1,1,1,1,1]",,,1,1265051,1265051,1265051
weighted_optimized,10,equal,reservation_only_first,"[1,1,1,1,1,1,1,1,1,1]",1000000,0,1,48865,48865,48865
weighted_optimized,10,equal,reservation_only_repeat,"[1,1,1,1,1,1,1,1,1,1]",1000000,0,1,48865,48865,48865
weighted_optimized,10,equal,surplus_first,"[1,1,1,1,1,1,1,1,1,1]",49998000001,1,1,71565,71565,71565
weighted_optimized,10,equal,surplus_repeat,"[1,1,1,1,1,1,1,1,1,1]",1000000,1000000,1,54379,54379,54379
weighted_optimized,10,high_skew,deploy,"[1,2,3,4,5,6,7,8,9,10]",,,1,1258921,1258921,1258921
weighted_optimized,10,high_skew,reservation_only_first,"[1,2,3,4,5,6,7,8,9,10]",1000000,0,1,48865,48865,48865
weighted_optimized,10,high_skew,reservation_only_repeat,"[1,2,3,4,5,6,7,8,9,10]",1000000,0,1,48865,48865,48865
weighted_optimized,10,high_skew,surplus_first,"[1,2,3,4,5,6,7,8,9,10]",90907090910,1,1,71565,71565,71565
weighted_optimized,10,high_skew,surplus_repeat,"[1,2,3,4,5,6,7,8,9,10]",1000000,1000000,1,54379,54379,54379
weighted_optimized,10,mild_skew,deploy,"[1,2,1,2,1,2,1,2,1,2]",,,1,1261921,1261921,1261921
weighted_optimized,10,mild_skew,reservation_only_first,"[1,2,1,2,1,2,1,2,1,2]",1000000,0,1,48865,48865,48865
weighted_optimized,10,mild_skew,reservation_only_repeat,"[1,2,1,2,1,2,1,2,1,2]",1000000,0,1,48865,48865,48865
weighted_optimized,10,mild_skew,surplus_first,"[1,2,1,2,1,2,1,2,1,2]",66664666668,1,1,71565,71565,71565
weighted_optimized,10,mild_skew,surplus_repeat,"[1,2,1,2,1,2,1,2,1,2]",1000000,1000000,1,54379,54379,54379
weighted_optimized,20,dominant,deploy,"[1,1,1,1,1,1,1,1,1,1,1,1,1,1,1,1,1,1,1,2000]",,,1,1855858,1855858,1855858
weighted_optimized,20,dominant,reservation_only_first,"[1,1,1,1,1,1,1,1,1,1,1,1,1,1,1,1,1,1,1,2000]",1000000,0,1,48865,48865,48865
weighted_optimized,20,dominant,reservation_only_repeat,"[1,1,1,1,1,1,1,1,1,1,1,1,1,1,1,1,1,1,1,2000]",1000000,0,1,48865,48865,48865
weighted_optimized,20,dominant,surplus_first,"[1,1,1,1,1,1,1,1,1,1,1,1,1,1,1,1,1,1,1,2000]",495292700348,1,1,71565,71565,71565
weighted_optimized,20,dominant,surplus_repeat,"[1,1,1,1,1,1,1,1,1,1,1,1,1,1,1,1,1,1,1,2000]",1000000,1000000,1,54379,54379,54379
weighted_optimized,20,equal,deploy,"[1,1,1,1,1,1,1,1,1,1,1,1,1,1,1,1,1,1,1,1]",,,1,1858200,1858200,1858200
weighted_optimized,20,equal,reservation_only_first,"[1,1,1,1,1,1,1,1,1,1,1,1,1,1,1,1,1,1,1,1]",1000000,0,1,48865,48865,48865
weighted_optimized,20,equal,reservation_only_repeat,"[1,1,1,1,1,1,1,1,1,1,1,1,1,1,1,1,1,1,1,1]",1000000,0,1,48865,48865,48865
weighted_optimized,20,equal,surplus_first,"[1,1,1,1,1,1,1,1,1,1,1,1,1,1,1,1,1,1,1,1]",24998000001,1,1,71565,71565,71565
weighted_optimized,20,equal,surplus_repeat,"[1,1,1,1,1,1,1,1,1,1,1,1,1,1,1,1,1,1,1,1]",1000000,1000000,1,54379,54379,54379
weighted_optimized,20,high_skew,deploy,"[1,2,3,4,5,6,7,8,9,10,11,12,13,14,15,16,17,18,19,20]",,,1,1830940,1830940,1830940
weighted_optimized,20,high_skew,reservation_only_first,"[1,2,3,4,5,6,7,8,9,10,11,12,13,14,15,16,17,18,19,20]",1000000,0,1,48865,48865,48865
weighted_optimized,20,high_skew,reservation_only_repeat,"[1,2,3,4,5,6,7,8,9,10,11,12,13,14,15,16,17,18,19,20]",1000000,0,1,48865,48865,48865
weighted_optimized,20,high_skew,surplus_first,"[1,2,3,4,5,6,7,8,9,10,11,12,13,14,15,16,17,18,19,20]",47617047620,1,1,71565,71565,71565
weighted_optimized,20,high_skew,surplus_repeat,"[1,2,3,4,5,6,7,8,9,10,11,12,13,14,15,16,17,18,19,20]",1000000,1000000,1,54379,54379,54379
weighted_optimized,20,mild_skew,deploy,"[1,2,1,2,1,2,1,2,1,2,1,2,1,2,1,2,1,2,1,2]",,,1,1844440,1844440,1844440
weighted_optimized,20,mild_skew,reservation_only_first,"[1,2,1,2,1,2,1,2,1,2,1,2,1,2,1,2,1,2,1,2]",1000000,0,1,48865,48865,48865
weighted_optimized,20,mild_skew,reservation_only_repeat,"[1,2,1,2,1,2,1,2,1,2,1,2,1,2,1,2,1,2,1,2]",1000000,0,1,48865,48865,48865
weighted_optimized,20,mild_skew,surplus_first,"[1,2,1,2,1,2,1,2,1,2,1,2,1,2,1,2,1,2,1,2]",33331333334,1,1,71565,71565,71565
weighted_optimized,20,mild_skew,surplus_repeat,"[1,2,1,2,1,2,1,2,1,2,1,2,1,2,1,2,1,2,1,2]",1000000,1000000,1,54379,54379,54379
weighted_optimized,50,dominant,deploy,"[1,1,1,1,1,1,1,1,1,1,1,1,1,1,1,1,1,1,1,1,1,1,1,1,1,1,1,1,1,1,1,1,1,1,1,1,1,1,1,1,1,1,1,1,1,1,1,1,1,5000]",,,1,4063756,4063756,4063756
weighted_optimized,50,dominant,reservation_only_first,"[1,1,1,1,1,1,1,1,1,1,1,1,1,1,1,1,1,1,1,1,1,1,1,1,1,1,1,1,1,1,1,1,1,1,1,1,1,1,1,1,1,1,1,1,1,1,1,1,1,5000]",1000000,0,1,48865,48865,48865
weighted_optimized,50,dominant,reservation_only_repeat,"[1,1,1,1,1,1,1,1,1,1,1,1,1,1,1,1,1,1,1,1,1,1,1,1,1,1,1,1,1,1,1,1,1,1,1,1,1,1,1,1,1,1,1,1,1,1,1,1,1,5000]",1000000,0,1,48865,48865,48865
weighted_optimized,50,dominant,surplus_first,"[1,1,1,1,1,1,1,1,1,1,1,1,1,1,1,1,1,1,1,1,1,1,1,1,1,1,1,1,1,1,1,1,1,1,1,1,1,1,1,1,1,1,1,1,1,1,1,1,1,5000]",495145553972,1,1,71565,71565,71565
weighted_optimized,50,dominant,surplus_repeat,"[1,1,1,1,1,1,1,1,1,1,1,1,1,1,1,1,1,1,1,1,1,1,1,1,1,1,1,1,1,1,1,1,1,1,1,1,1,1,1,1,1,1,1,1,1,1,1,1,1,5000]",1000000,1000000,1,54379,54379,54379
weighted_optimized,50,equal,deploy,"[1,1,1,1,1,1,1,1,1,1,1,1,1,1,1,1,1,1,1,1,1,1,1,1,1,1,1,1,1,1,1,1,1,1,1,1,1,1,1,1,1,1,1,1,1,1,1,1,1,1]",,,1,4066258,4066258,4066258
weighted_optimized,50,equal,reservation_only_first,"[1,1,1,1,1,1,1,1,1,1,1,1,1,1,1,1,1,1,1,1,1,1,1,1,1,1,1,1,1,1,1,1,1,1,1,1,1,1,1,1,1,1,1,1,1,1,1,1,1,1]",1000000,0,1,48865,48865,48865
weighted_optimized,50,equal,reservation_only_repeat,"[1,1,1,1,1,1,1,1,1,1,1,1,1,1,1,1,1,1,1,1,1,1,1,1,1,1,1,1,1,1,1,1,1,1,1,1,1,1,1,1,1,1,1,1,1,1,1,1,1,1]",1000000,0,1,48865,48865,48865
weighted_optimized,50,equal,surplus_first,"[1,1,1,1,1,1,1,1,1,1,1,1,1,1,1,1,1,1,1,1,1,1,1,1,1,1,1,1,1,1,1,1,1,1,1,1,1,1,1,1,1,1,1,1,1,1,1,1,1,1]",9998000001,1,1,71565,71565,71565
weighted_optimized,50,equal,surplus_repeat,"[1,1,1,1,1,1,1,1,1,1,1,1,1,1,1,1,1,1,1,1,1,1,1,1,1,1,1,1,1,1,1,1,1,1,1,1,1,1,1,1,1,1,1,1,1,1,1,1,1,1]",1000000,1000000,1,54379,54379,54379
weighted_optimized,50,high_skew,deploy,"[1,2,3,4,5,6,7,8,9,10,11,12,13,14,15,16,17,18,19,20,21,22,23,24,25,26,27,28,29,30,31,32,33,34,35,36,37,38,39,40,41,42,43,44,45,46,47,48,49,50]",,,1,3885608,3885608,3885608
weighted_optimized,50,high_skew,reservation_only_first,"[1,2,3,4,5,6,7,8,9,10,11,12,13,14,15,16,17,18,19,20,21,22,23,24,25,26,27,28,29,30,31,32,33,34,35,36,37,38,39,40,41,42,43,44,45,46,47,48,49,50]",1000000,0,1,48865,48865,48865
weighted_optimized,50,high_skew,reservation_only_repeat,"[1,2,3,4,5,6,7,8,9,10,11,12,13,14,15,16,17,18,19,20,21,22,23,24,25,26,27,28,29,30,31,32,33,34,35,36,37,38,39,40,41,42,43,44,45,46,47,48,49,50]",1000000,0,1,48865,48865,48865
weighted_optimized,50,high_skew,surplus_first,"[1,2,3,4,5,6,7,8,9,10,11,12,13,14,15,16,17,18,19,20,21,22,23,24,25,26,27,28,29,30,31,32,33,34,35,36,37,38,39,40,41,42,43,44,45,46,47,48,49,50]",19605843138,1,1,71565,71565,71565
weighted_optimized,50,high_skew,surplus_repeat,"[1,2,3,4,5,6,7,8,9,10,11,12,13,14,15,16,17,18,19,20,21,22,23,24,25,26,27,28,29,30,31,32,33,34,35,36,37,38,39,40,41,42,43,44,45,46,47,48,49,50]",1000000,1000000,1,54379,54379,54379
weighted_optimized,50,mild_skew,deploy,"[1,2,1,2,1,2,1,2,1,2,1,2,1,2,1,2,1,2,1,2,1,2,1,2,1,2,1,2,1,2,1,2,1,2,1,2,1,2,1,2,1,2,1,2,1,2,1,2,1,2]",,,1,3975608,3975608,3975608
weighted_optimized,50,mild_skew,reservation_only_first,"[1,2,1,2,1,2,1,2,1,2,1,2,1,2,1,2,1,2,1,2,1,2,1,2,1,2,1,2,1,2,1,2,1,2,1,2,1,2,1,2,1,2,1,2,1,2,1,2,1,2]",1000000,0,1,48865,48865,48865
weighted_optimized,50,mild_skew,reservation_only_repeat,"[1,2,1,2,1,2,1,2,1,2,1,2,1,2,1,2,1,2,1,2,1,2,1,2,1,2,1,2,1,2,1,2,1,2,1,2,1,2,1,2,1,2,1,2,1,2,1,2,1,2]",1000000,0,1,48865,48865,48865
weighted_optimized,50,mild_skew,surplus_first,"[1,2,1,2,1,2,1,2,1,2,1,2,1,2,1,2,1,2,1,2,1,2,1,2,1,2,1,2,1,2,1,2,1,2,1,2,1,2,1,2,1,2,1,2,1,2,1,2,1,2]",13331333334,1,1,71553,71553,71553
weighted_optimized,50,mild_skew,surplus_repeat,"[1,2,1,2,1,2,1,2,1,2,1,2,1,2,1,2,1,2,1,2,1,2,1,2,1,2,1,2,1,2,1,2,1,2,1,2,1,2,1,2,1,2,1,2,1,2,1,2,1,2]",1000000,1000000,1,54379,54379,54379
weighted_reference,2,dominant,deploy,"[1,200]",,,1,859059,859059,859059
weighted_reference,2,dominant,reservation_only_first,"[1,200]",1000000,0,1,90068,90068,90068
weighted_reference,2,dominant,reservation_only_repeat,"[1,200]",1000000,0,1,74295,74295,74295
weighted_reference,2,dominant,surplus_first,"[1,200]",497510437812,1,1,92954,92954,92954
weighted_reference,2,dominant,surplus_repeat,"[1,200]",1000000,1000000,1,76634,76634,76634
weighted_reference,2,equal,deploy,"[1,1]",,,1,857973,857973,857973
weighted_reference,2,equal,reservation_only_first,"[1,1]",1000000,0,1,90068,90068,90068
weighted_reference,2,equal,reservation_only_repeat,"[1,1]",1000000,0,1,74295,74295,74295
weighted_reference,2,equal,surplus_first,"[1,1]",249998000001,1,1,92954,92954,92954
weighted_reference,2,equal,surplus_repeat,"[1,1]",1000000,1000000,1,76634,76634,76634
weighted_reference,2,high_skew,deploy,"[1,2]",,,1,859051,859051,859051
weighted_reference,2,high_skew,reservation_only_first,"[1,2]",1000000,0,1,90068,90068,90068
weighted_reference,2,high_skew,reservation_only_repeat,"[1,2]",1000000,0,1,74295,74295,74295
weighted_reference,2,high_skew,surplus_first,"[1,2]",333331333334,1,1,92954,92954,92954
weighted_reference,2,high_skew,surplus_repeat,"[1,2]",1000000,1000000,1,76634,76634,76634
weighted_reference,2,mild_skew,deploy,"[1,2]",,,1,859051,859051,859051
weighted_reference,2,mild_skew,reservation_only_first,"[1,2]",1000000,0,1,90068,90068,90068
weighted_reference,2,mild_skew,reservation_only_repeat,"[1,2]",1000000,0,1,74295,74295,74295
weighted_reference,2,mild_skew,surplus_first,"[1,2]",333331333334,1,1,92954,92954,92954
weighted_reference,2,mild_skew,surplus_repeat,"[1,2]",1000000,1000000,1,76634,76634,76634
weighted_reference,5,dominant,deploy,"[1,1,1,1,500]",,,1,1010910,1010910,1010910
weighted_reference,5,dominant,reservation_only_first,"[1,1,1,1,500]",1000000,0,1,97529,97529,97529
weighted_reference,5,dominant,reservation_only_repeat,"[1,1,1,1,500]",1000000,0,1,80429,80429,80429
weighted_reference,5,dominant,surplus_first,"[1,1,1,1,500]",496029746033,1,1,100415,100415,100415
weighted_reference,5,dominant,surplus_repeat,"[1,1,1,1,500]",1000000,1000000,1,83353,83353,83353
weighted_reference,5,equal,deploy,"[1,1,1,1,1]",,,1,1008981,1008981,1008981
weighted_reference,5,equal,reservation_only_first,"[1,1,1,1,1]",1000000,0,1,97529,97529,97529
weighted_reference,5,equal,reservation_only_repeat,"[1,1,1,1,1]",1000000,0,1,80429,80429,80429
weighted_reference,5,equal,surplus_first,"[1,1,1,1,1]",99998000001,1,1,100415,100415,100415
weighted_reference,5,equal,surplus_repeat,"[1,1,1,1,1]",1000000,1000000,1,83353,83353,83353
weighted_reference,5,high_skew,deploy,"[1,2,3,4,5]",,,1,1012676,1012676,1012676
weighted_reference,5,high_skew,reservation_only_first,"[1,2,3,4,5]",1000000,0,1,97529,97529,97529
weighted_reference,5,high_skew,reservation_only_repeat,"[1,2,3,4,5]",1000000,0,1,80429,80429,80429
weighted_reference,5,high_skew,surplus_first,"[1,2,3,4,5]",166664666668,1,1,100415,100415,100415
weighted_reference,5,high_skew,surplus_repeat,"[1,2,3,4,5]",1000000,1000000,1,83353,83353,83353
weighted_reference,5,mild_skew,deploy,"[1,2,1,2,1]",,,1,1012668,1012668,1012668
weighted_reference,5,mild_skew,reservation_only_first,"[1,2,1,2,1]",1000000,0,1,97529,97529,97529
weighted_reference,5,mild_skew,reservation_only_repeat,"[1,2,1,2,1]",1000000,0,1,80429,80429,80429
weighted_reference,5,mild_skew,surplus_first,"[1,2,1,2,1]",71426571429,1,1,100415,100415,100415
weighted_reference,5,mild_skew,surplus_repeat,"[1,2,1,2,1]",1000000,1000000,1,83353,83353,83353
weighted_reference,10,dominant,deploy,"[1,1,1,1,1,1,1,1,1,1000]",,,1,1290595,1290595,1290595
weighted_reference,10,dominant,reservation_only_first,"[1,1,1,1,1,1,1,1,1,1000]",1000000,0,1,109964,109964,109964
weighted_reference,10,dominant,reservation_only_repeat,"[1,1,1,1,1,1,1,1,1,1000]",1000000,0,1,92864,92864,92864
weighted_reference,10,dominant,surplus_first,"[1,1,1,1,1,1,1,1,1,1000]",495538138752,1,1,112850,112850,112850
weighted_reference,10,dominant,surplus_repeat,"[1,1,1,1,1,1,1,1,1,1000]",1000000,1000000,1,95788,95788,95788
weighted_reference,10,equal,deploy,"[1,1,1,1,1,1,1,1,1,1]",,,1,1270444,1270444,1270444
weighted_reference,10,equal,reservation_only_first,"[1,1,1,1,1,1,1,1,1,1]",1000000,0,1,109964,109964,109964
weighted_reference,10,equal,reservation_only_repeat,"[1,1,1,1,1,1,1,1,1,1]",1000000,0,1,92864,92864,92864
weighted_reference,10,equal,surplus_first,"[1,1,1,1,1,1,1,1,1,1]",49998000001,1,1,112850,112850,112850
weighted_reference,10,equal,surplus_repeat,"[1,1,1,1,1,1,1,1,1,1]",1000000,1000000,1,95788,95788,95788
weighted_reference,10,high_skew,deploy,"[1,2,3,4,5,6,7,8,9,10]",,,1,1285524,1285524,1285524
weighted_reference,10,high_skew,reservation_only_first,"[1,2,3,4,5,6,7,8,9,10]",1000000,0,1,109964,109964,109964
weighted_reference,10,high_skew,reservation_only_repeat,"[1,2,3,4,5,6,7,8,9,10]",1000000,0,1,92864,92864,92864
weighted_reference,10,high_skew,surplus_first,"[1,2,3,4,5,6,7,8,9,10]",90907090910,1,1,112850,112850,112850
weighted_reference,10,high_skew,surplus_repeat,"[1,2,3,4,5,6,7,8,9,10]",1000000,1000000,1,95788,95788,95788
weighted_reference,10,mild_skew,deploy,"[1,2,1,2,1,2,1,2,1,2]",,,1,1285564,1285564,1285564
weighted_reference,10,mild_skew,reservation_only_first,"[1,2,1,2,1,2,1,2,1,2]",1000000,0,1,109964,109964,109964
weighted_reference,10,mild_skew,reservation_only_repeat,"[1,2,1,2,1,2,1,2,1,2]",1000000,0,1,92864,92864,92864
weighted_reference,10,mild_skew,surplus_first,"[1,2,1,2,1,2,1,2,1,2]",66664666668,1,1,112850,112850,112850
weighted_reference,10,mild_skew,surplus_repeat,"[1,2,1,2,1,2,1,2,1,2]",1000000,1000000,1,95788,95788,95788
weighted_reference,20,dominant,deploy,"[1,1,1,1,1,1,1,1,1,1,1,1,1,1,1,1,1,1,1,2000]",,,1,1853457,1853457,1853457
weighted_reference,20,dominant,reservation_only_first,"[1,1,1,1,1,1,1,1,1,1,1,1,1,1,1,1,1,1,1,2000]",1000000,0,1,134834,134834,134834
weighted_reference,20,dominant,reservation_only_repeat,"[1,1,1,1,1,1,1,1,1,1,1,1,1,1,1,1,1,1,1,2000]",1000000,0,1,117734,117734,117734
weighted_reference,20,dominant,surplus_first,"[1,1,1,1,1,1,1,1,1,1,1,1,1,1,1,1,1,1,1,2000]",495292700348,1,1,137720,137720,137720
weighted_reference,20,dominant,surplus_repeat,"[1,1,1,1,1,1,1,1,1,1,1,1,1,1,1,1,1,1,1,2000]",1000000,1000000,1,120658,120658,120658
weighted_reference,20,equal,deploy,"[1,1,1,1,1,1,1,1,1,1,1,1,1,1,1,1,1,1,1,1]",,,1,1830015,1830015,1830015
weighted_reference,20,equal,reservation_only_first,"[1,1,1,1,1,1,1,1,1,1,1,1,1,1,1,1,1,1,1,1]",1000000,0,1,134834,134834,134834
weighted_reference,20,equal,reservation_only_repeat,"[1,1,1,1,1,1,1,1,1,1,1,1,1,1,1,1,1,1,1,1]",1000000,0,1,117734,117734,117734
weighted_reference,20,equal,surplus_first,"[1,1,1,1,1,1,1,1,1,1,1,1,1,1,1,1,1,1,1,1]",24998000001,1,1,137720,137720,137720
weighted_reference,20,equal,surplus_repeat,"[1,1,1,1,1,1,1,1,1,1,1,1,1,1,1,1,1,1,1,1]",1000000,1000000,1,120658,120658,120658
weighted_reference,20,high_skew,deploy,"[1,2,3,4,5,6,7,8,9,10,11,12,13,14,15,16,17,18,19,20]",,,1,1884400,1884400,1884400
weighted_reference,20,high_skew,reservation_only_first,"[1,2,3,4,5,6,7,8,9,10,11,12,13,14,15,16,17,18,19,20]",1000000,0,1,134834,134834,134834
weighted_reference,20,high_skew,reservation_only_repeat,"[1,2,3,4,5,6,7,8,9,10,11,12,13,14,15,16,17,18,19,20]",1000000,0,1,117734,117734,117734
weighted_reference,20,high_skew,surplus_first,"[1,2,3,4,5,6,7,8,9,10,11,12,13,14,15,16,17,18,19,20]",47617047620,1,1,137720,137720,137720
weighted_reference,20,high_skew,surplus_repeat,"[1,2,3,4,5,6,7,8,9,10,11,12,13,14,15,16,17,18,19,20]",1000000,1000000,1,120658,120658,120658
weighted_reference,20,mild_skew,deploy,"[1,2,1,2,1,2,1,2,1,2,1,2,1,2,1,2,1,2,1,2]",,,1,1884472,1884472,1884472
weighted_reference,20,mild_skew,reservation_only_first,"[1,2,1,2,1,2,1,2,1,2,1,2,1,2,1,2,1,2,1,2]",1000000,0,1,134834,134834,134834
weighted_reference,20,mild_skew,reservation_only_repeat,"[1,2,1,2,1,2,1,2,1,2,1,2,1,2,1,2,1,2,1,2]",1000000,0,1,117734,117734,117734
weighted_reference,20,mild_skew,surplus_first,"[1,2,1,2,1,2,1,2,1,2,1,2,1,2,1,2,1,2,1,2]",33331333334,1,1,137720,137720,137720
weighted_reference,20,mild_skew,surplus_repeat,"[1,2,1,2,1,2,1,2,1,2,1,2,1,2,1,2,1,2,1,2]",1000000,1000000,1,120658,120658,120658
weighted_reference,50,dominant,deploy,"[1,1,1,1,1,1,1,1,1,1,1,1,1,1,1,1,1,1,1,1,1,1,1,1,1,1,1,1,1,1,1,1,1,1,1,1,1,1,1,1,1,1,1,1,1,1,1,1,1,5000]",,,1,4258585,4258585,4258585
weighted_reference,50,dominant,reservation_only_first,"[1,1,1,1,1,1,1,1,1,1,1,1,1,1,1,1,1,1,1,1,1,1,1,1,1,1,1,1,1,1,1,1,1,1,1,1,1,1,1,1,1,1,1,1,1,1,1,1,1,5000]",1000000,0,1,209444,209444,209444
weighted_reference,50,dominant,reservation_only_repeat,"[1,1,1,1,1,1,1,1,1,1,1,1,1,1,1,1,1,1,1,1,1,1,1,1,1,1,1,1,1,1,1,1,1,1,1,1,1,1,1,1,1,1,1,1,1,1,1,1,1,5000]",1000000,0,1,192344,192344,192344
weighted_reference,50,dominant,surplus_first,"[1,1,1,1,1,1,1,1,1,1,1,1,1,1,1,1,1,1,1,1,1,1,1,1,1,1,1,1,1,1,1,1,1,1,1,1,1,1,1,1,1,1,1,1,1,1,1,1,1,5000]",495145553972,1,1,212330,212330,212330
weighted_reference,50,dominant,surplus_repeat,"[1,1,1,1,1,1,1,1,1,1,1,1,1,1,1,1,1,1,1,1,1,1,1,1,1,1,1,1,1,1,1,1,1,1,1,1,1,1,1,1,1,1,1,1,1,1,1,1,1,5000]",1000000,1000000,1,195268,195268,195268
weighted_reference,50,equal,deploy,"[1,1,1,1,1,1,1,1,1,1,1,1,1,1,1,1,1,1,1,1,1,1,1,1,1,1,1,1,1,1,1,1,1,1,1,1,1,1,1,1,1,1,1,1,1,1,1,1,1,1]",,,1,3800986,3800986,3800986
weighted_reference,50,equal,reservation_only_first,"[1,1,1,1,1,1,1,1,1,1,1,1,1,1,1,1,1,1,1,1,1,1,1,1,1,1,1,1,1,1,1,1,1,1,1,1,1,1,1,1,1,1,1,1,1,1,1,1,1,1]",1000000,0,1,209444,209444,209444
weighted_reference,50,equal,reservation_only_repeat,"[1,1,1,1,1,1,1,1,1,1,1,1,1,1,1,1,1,1,1,1,1,1,1,1,1,1,1,1,1,1,1,1,1,1,1,1,1,1,1,1,1,1,1,1,1,1,1,1,1,1]",1000000,0,1,192344,192344,192344
weighted_reference,50,equal,surplus_first,"[1,1,1,1,1,1,1,1,1,1,1,1,1,1,1,1,1,1,1,1,1,1,1,1,1,1,1,1,1,1,1,1,1,1,1,1,1,1,1,1,1,1,1,1,1,1,1,1,1,1]",9998000001,1,1,212330,212330,212330
weighted_reference,50,equal,surplus_repeat,"[1,1,1,1,1,1,1,1,1,1,1,1,1,1,1,1,1,1,1,1,1,1,1,1,1,1,1,1,1,1,1,1,1,1,1,1,1,1,1,1,1,1,1,1,1,1,1,1,1,1]",1000000,1000000,1,195268,195268,195268
weighted_reference,50,high_skew,deploy,"[1,2,3,4,5,6,7,8,9,10,11,12,13,14,15,16,17,18,19,20,21,22,23,24,25,26,27,28,29,30,31,32,33,34,35,36,37,38,39,40,41,42,43,44,45,46,47,48,49,50]",,,1,4118828,4118828,4118828
weighted_reference,50,high_skew,reservation_only_first,"[1,2,3,4,5,6,7,8,9,10,11,12,13,14,15,16,17,18,19,20,21,22,23,24,25,26,27,28,29,30,31,32,33,34,35,36,37,38,39,40,41,42,43,44,45,46,47,48,49,50]",1000000,0,1,209444,209444,209444
weighted_reference,50,high_skew,reservation_only_repeat,"[1,2,3,4,5,6,7,8,9,10,11,12,13,14,15,16,17,18,19,20,21,22,23,24,25,26,27,28,29,30,31,32,33,34,35,36,37,38,39,40,41,42,43,44,45,46,47,48,49,50]",1000000,0,1,192344,192344,192344
weighted_reference,50,high_skew,surplus_first,"[1,2,3,4,5,6,7,8,9,10,11,12,13,14,15,16,17,18,19,20,21,22,23,24,25,26,27,28,29,30,31,32,33,34,35,36,37,38,39,40,41,42,43,44,45,46,47,48,49,50]",19605843138,1,1,212330,212330,212330
weighted_reference,50,high_skew,surplus_repeat,"[1,2,3,4,5,6,7,8,9,10,11,12,13,14,15,16,17,18,19,20,21,22,23,24,25,26,27,28,29,30,31,32,33,34,35,36,37,38,39,40,41,42,43,44,45,46,47,48,49,50]",1000000,1000000,1,195268,195268,195268
weighted_reference,50,mild_skew,deploy,"[1,2,1,2,1,2,1,2,1,2,1,2,1,2,1,2,1,2,1,2,1,2,1,2,1,2,1,2,1,2,1,2,1,2,1,2,1,2,1,2,1,2,1,2,1,2,1,2,1,2]",,,1,4118828,4118828,4118828
weighted_reference,50,mild_skew,reservation_only_first,"[1,2,1,2,1,2,1,2,1,2,1,2,1,2,1,2,1,2,1,2,1,2,1,2,1,2,1,2,1,2,1,2,1,2,1,2,1,2,1,2,1,2,1,2,1,2,1,2,1,2]",1000000,0,1,209444,209444,209444
weighted_reference,50,mild_skew,reservation_only_repeat,"[1,2,1,2,1,2,1,2,1,2,1,2,1,2,1,2,1,2,1,2,1,2,1,2,1,2,1,2,1,2,1,2,1,2,1,2,1,2,1,2,1,2,1,2,1,2,1,2,1,2]",1000000,0,1,192344,192344,192344
weighted_reference,50,mild_skew,surplus_first,"[1,2,1,2,1,2,1,2,1,2,1,2,1,2,1,2,1,2,1,2,1,2,1,2,1,2,1,2,1,2,1,2,1,2,1,2,1,2,1,2,1,2,1,2,1,2,1,2,1,2]",13331333334,1,1,212318,212318,212318
weighted_reference,50,mild_skew,surplus_repeat,"[1,2,1,2,1,2,1,2,1,2,1,2,1,2,1,2,1,2,1,2,1,2,1,2,1,2,1,2,1,2,1,2,1,2,1,2,1,2,1,2,1,2,1,2,1,2,1,2,1,2]",1000000,1000000,1,195268,195268,195268
