section,implementation,n,profile,path,metric,value,unit,denominator
deployment,baseline,2,equal,deploy,gas_used,800128,gas,
deployment,baseline,5,equal,deploy,gas_used,875002,gas,
deployment,baseline,10,equal,deploy,gas_used,999780,gas,
deployment,baseline,20,equal,deploy,gas_used,1249450,gas,
deployment,baseline,50,equal,deploy,gas_used,1998732,gas,
fit,baseline,,equal,deploy,degree_1_a,750113.7441921855,gas,
fit,baseline,,equal,deploy,degree_1_b,24971.531942977836,gas/N,
fit,baseline,,equal,deploy,degree_1_r_squared,0.9999999798323916,dimensionless,
deployment,weighted_optimized,2,equal,deploy,gas_used,842134,gas,
deployment,weighted_optimized,2,equal,deploy,overhead_vs_baseline,42006,gas,
deployment,weighted_optimized,2,equal,deploy,overhead_vs_baseline_pct,5.249910014397696,%,baseline gas
deployment,weighted_optimized,5,equal,deploy,gas_used,995335,gas,
deployment,weighted_optimized,5,equal,deploy,overhead_vs_baseline,120333,gas,
deployment,weighted_optimized,5,equal,deploy,overhead_vs_baseline_pct,13.752311423288175,%,baseline gas
deployment,weighted_optimized,10,equal,deploy,gas_used,1265051,gas,
deployment,weighted_optimized,10,equal,deploy,overhead_vs_baseline,265271,gas,
deployment,weighted_optimized,10,equal,deploy,overhead_vs_baseline_pct,26.532937246194162,%,baseline gas
deployment,weighted_optimized,20,equal,deploy,gas_used,1858200,gas,
deployment,weighted_optimized,20,equal,deploy,overhead_vs_baseline,608750,gas,
deployment,weighted_optimized,20,equal,deploy,overhead_vs_baseline_pct,48.72143743247029,%,baseline gas
deployment,weighted_optimized,50,equal,deploy,gas_used,4066258,gas,
deployment,weighted_optimized,50,equal,deploy,overhead_vs_baseline,2067526,gas,
deployment,weighted_optimized,50,equal,deploy,overhead_vs_baseline_pct,103.44188215328518,%,baseline gas
fit,weighted_optimized,,equal,deploy,degree_1_a,625809.0880411826,gas,
fit,weighted_optimized,,equal,deploy,degree_1_b,67792.32827349527,gas/N,
fit,weighted_optimized,,equal,deploy,degree_1_r_squared,0.9961697585957013,dimensionless,
fit,weighted_optimized,,equal,deploy,degree_2_a,743494.2415587306,gas,
fit,weighted_optimized,,equal,deploy,degree_2_b,48586.01385332041,gas/N,
fit,weighted_optimized,,equal,deploy,degree_2_c,357.3864598770115,gas/N^2,
fit,weighted_optimized,,equal,deploy,degree_2_r_squared,0.9999999993186143,dimensionless,
deployment,weighted_optimized,2,mild_skew,deploy,gas_used,842108,gas,
deployment,weighted_optimized,2,mild_skew,deploy,overhead_vs_baseline,41980,gas,
deployment,weighted_optimized,2,mild_skew,deploy,overhead_vs_baseline_pct,5.246660534314509,%,baseline gas
deployment,weighted_optimized,5,mild_skew,deploy,gas_used,994683,gas,
deployment,weighted_optimized,5,mild_skew,deploy,overhead_vs_baseline,119681,gas,
deployment,weighted_optimized,5,mild_skew,deploy,overhead_vs_baseline_pct,13.677797307891868,%,baseline gas
deployment,weighted_optimized,10,mild_skew,deploy,gas_used,1261921,gas,
deployment,weighted_optimized,10,mild_skew,deploy,overhead_vs_baseline,262141,gas,
deployment,weighted_optimized,10,mild_skew,deploy,overhead_vs_baseline_pct,26.219868371041628,%,baseline gas
deployment,weighted_optimized,20,mild_skew,deploy,gas_used,1844440,gas,
deployment,weighted_optimized,20,mild_skew,deploy,overhead_vs_baseline,594990,gas,
deployment,weighted_optimized,20,mild_skew,deploy,overhead_vs_baseline_pct,47.620152867261595,%,baseline gas
deployment,weighted_optimized,50,mild_skew,deploy,gas_used,3975608,gas,
deployment,weighted_optimized,50,mild_skew,deploy,overhead_vs_baseline,1976876,gas,
deployment,weighted_optimized,50,mild_skew,deploy,overhead_vs_baseline_pct,98.90650672526382,%,baseline gas
fit,weighted_optimized,,mild_skew,deploy,degree_1_a,638149.2176610351,gas,
fit,weighted_optimized,,mild_skew,deploy,degree_1_b,65839.24036430832,gas/N,
fit,weighted_optimized,,mild_skew,deploy,degree_1_r_squared,0.9967449569856737,dimensionless,
fit,weighted_optimized,,mild_skew,deploy,degree_2_a,743482.5588696912,gas,
fit,weighted_optimized,,mild_skew,deploy,degree_2_b,48648.75193214297,gas/N,
fit,weighted_optimized,,mild_skew,deploy,degree_2_c,319.87645676959113,gas/N^2,
fit,weighted_optimized,,mild_skew,deploy,degree_2_r_squared,0.9999999990384669,dimensionless,
deployment,weighted_optimized,2,high_skew,deploy,gas_used,842108,gas,
deployment,weighted_optimized,2,high_skew,deploy,overhead_vs_baseline,41980,gas,
deployment,weighted_optimized,2,high_skew,deploy,overhead_vs_baseline_pct,5.246660534314509,%,baseline gas
deployment,weighted_optimized,5,high_skew,deploy,gas_used,994383,gas,
deployment,weighted_optimized,5,high_skew,deploy,overhead_vs_baseline,119381,gas,
deployment,weighted_optimized,5,high_skew,deploy,overhead_vs_baseline_pct,13.643511671973322,%,baseline gas
deployment,weighted_optimized,10,high_skew,deploy,gas_used,1258921,gas,
deployment,weighted_optimized,10,high_skew,deploy,overhead_vs_baseline,259141,gas,
deployment,weighted_optimized,10,high_skew,deploy,overhead_vs_baseline_pct,25.919802356518435,%,baseline gas
deployment,weighted_optimized,20,high_skew,deploy,gas_used,1830940,gas,
deployment,weighted_optimized,20,high_skew,deploy,overhead_vs_baseline,581490,gas,
deployment,weighted_optimized,20,high_skew,deploy,overhead_vs_baseline_pct,46.539677458081556,%,baseline gas
deployment,weighted_optimized,50,high_skew,deploy,gas_used,3885608,gas,
deployment,weighted_optimized,50,high_skew,deploy,overhead_vs_baseline,1886876,gas,
deployment,weighted_optimized,50,high_skew,deploy,overhead_vs_baseline_pct,94.40365191531431,%,baseline gas
fit,weighted_optimized,,high_skew,deploy,degree_1_a,650587.615232312,gas,
fit,weighted_optimized,,high_skew,deploy,degree_1_b,63896.80372228089,gas/N,
fit,weighted_optimized,,high_skew,deploy,degree_1_r_squared,0.9973032915674515,dimensionless,
fit,weighted_optimized,,high_skew,deploy,degree_2_a,743607.7305379766,gas,
fit,weighted_optimized,,high_skew,deploy,degree_2_b,48715.84394475782,gas/N,
fit,weighted_optimized,,high_skew,deploy,degree_2_c,282.4836329204932,gas/N^2,
fit,weighted_optimized,,high_skew,deploy,degree_2_r_squared,0.9999999950120946,dimensionless,
deployment,weighted_optimized,2,dominant,deploy,gas_used,842108,gas,
deployment,weighted_optimized,2,dominant,deploy,overhead_vs_baseline,41980,gas,
deployment,weighted_optimized,2,dominant,deploy,overhead_vs_baseline_pct,5.246660534314509,%,baseline gas
deployment,weighted_optimized,5,dominant,deploy,gas_used,994871,gas,
deployment,weighted_optimized,5,dominant,deploy,overhead_vs_baseline,119869,gas,
deployment,weighted_optimized,5,dominant,deploy,overhead_vs_baseline_pct,13.69928297306749,%,baseline gas
deployment,weighted_optimized,10,dominant,deploy,gas_used,1264581,gas,
deployment,weighted_optimized,10,dominant,deploy,overhead_vs_baseline,264801,gas,
deployment,weighted_optimized,10,dominant,deploy,overhead_vs_baseline_pct,26.485926903918863,%,baseline gas
deployment,weighted_optimized,20,dominant,deploy,gas_used,1855858,gas,
deployment,weighted_optimized,20,dominant,deploy,overhead_vs_baseline,606408,gas,
deployment,weighted_optimized,20,dominant,deploy,overhead_vs_baseline_pct,48.533994957781424,%,baseline gas
deployment,weighted_optimized,50,dominant,deploy,gas_used,4063756,gas,
deployment,weighted_optimized,50,dominant,deploy,overhead_vs_baseline,2065024,gas,
deployment,weighted_optimized,50,dominant,deploy,overhead_vs_baseline_pct,103.31670278956858,%,baseline gas
fit,weighted_optimized,,dominant,deploy,degree_1_a,625544.2686114045,gas,
fit,weighted_optimized,,dominant,deploy,degree_1_b,67740.8351372756,gas/N,
fit,weighted_optimized,,dominant,deploy,degree_1_r_squared,0.9961169843847048,dimensionless,
fit,weighted_optimized,,dominant,deploy,degree_2_a,743949.7577721775,gas,
fit,weighted_optimized,,dominant,deploy,degree_2_b,48416.96134416097,gas/N,
fit,weighted_optimized,,dominant,deploy,degree_2_c,359.5739762948465,gas/N^2,
fit,weighted_optimized,,dominant,deploy,degree_2_r_squared,0.9999999485591384,dimensionless,
deployment,weighted_reference,2,equal,deploy,gas_used,857973,gas,
comparison,weighted_reference,2,equal,deploy,reference_minus_optimized,15839,gas,
comparison,weighted_reference,2,equal,deploy,reference_minus_optimized_pct,1.8808170671175846,%,optimized gas
deployment,weighted_reference,5,equal,deploy,gas_used,1008981,gas,
comparison,weighted_reference,5,equal,deploy,reference_minus_optimized,13646,gas,
comparison,weighted_reference,5,equal,deploy,reference_minus_optimized_pct,1.3709956949167867,%,optimized gas
deployment,weighted_reference,10,equal,deploy,gas_used,1270444,gas,
comparison,weighted_reference,10,equal,deploy,reference_minus_optimized,5393,gas,
comparison,weighted_reference,10,equal,deploy,reference_minus_optimized_pct,0.4263069235943847,%,optimized gas
deployment,weighted_reference,20,equal,deploy,gas_used,1830015,gas,
comparison,weighted_reference,20,equal,deploy,reference_minus_optimized,-28185,gas,
comparison,weighted_reference,20,equal,deploy,reference_minus_optimized_pct,-1.5167904423635776,%,optimized gas
deployment,weighted_reference,50,equal,deploy,gas_used,3800986,gas,
comparison,weighted_reference,50,equal,deploy,reference_minus_optimized,-265272,gas,
comparison,weighted_reference,50,equal,deploy,reference_minus_optimized_pct,-6.523737549363567,%,optimized gas
fit,weighted_reference,,equal,deploy,degree_1_a,679446.2848468848,gas,
fit,weighted_reference,,equal,deploy,degree_1_b,61737.55834213304,gas/N,
fit,weighted_reference,,equal,deploy,degree_1_r_squared,0.9978490165435598,dimensionless,
deployment,weighted_reference,2,mild_skew,deploy,gas_used,859051,gas,
comparison,weighted_reference,2,mild_skew,deploy,reference_minus_optimized,16943,gas,
comparison,weighted_reference,2,mild_skew,deploy,reference_minus_optimized_pct,2.011974711082189,%,optimized gas
deployment,weighted_reference,5,mild_skew,deploy,gas_used,1012668,gas,
comparison,weighted_reference,5,mild_skew,deploy,reference_minus_optimized,17985,gas,
comparison,weighted_reference,5,mild_skew,deploy,reference_minus_optimized_pct,1.8081137407596188,%,optimized gas
deployment,weighted_reference,10,mild_skew,deploy,gas_used,1285564,gas,
comparison,weighted_reference,10,mild_skew,deploy,reference_minus_optimized,23643,gas,
comparison,weighted_reference,10,mild_skew,deploy,reference_minus_optimized_pct,1.873572117430489,%,optimized gas
deployment,weighted_reference,20,mild_skew,deploy,gas_used,1884472,gas,
comparison,weighted_reference,20,mild_skew,deploy,reference_minus_optimized,40032,gas,
comparison,weighted_reference,20,mild_skew,deploy,reference_minus_optimized_pct,2.1704148684695626,%,optimized gas
deployment,weighted_reference,50,mild_skew,deploy,gas_used,4118828,gas,
comparison,weighted_reference,50,mild_skew,deploy,reference_minus_optimized,143220,gas,
comparison,weighted_reference,50,mild_skew,deploy,reference_minus_optimized_pct,3.6024678489428537,%,optimized gas
fit,weighted_reference,,mild_skew,deploy,degree_1_a,639268.3068901794,gas,
fit,weighted_reference,,mild_skew,deploy,degree_1_b,68554.49960401266,gas/N,
fit,weighted_reference,,mild_skew,deploy,degree_1_r_squared,0.9961046012369631,dimensionless,
deployment,weighted_reference,2,high_skew,deploy,gas_used,859051,gas,
comparison,weighted_reference,2,high_skew,deploy,reference_minus_optimized,16943,gas,
comparison,weighted_reference,2,high_skew,deploy,reference_minus_optimized_pct,2.011974711082189,%,optimized gas
deployment,weighted_reference,5,high_skew,deploy,gas_used,1012676,gas,
comparison,weighted_reference,5,high_skew,deploy,reference_minus_optimized,18293,gas,
comparison,weighted_reference,5,high_skew,deploy,reference_minus_optimized_pct,1.8396332197955918,%,optimized gas
deployment,weighted_reference,10,high_skew,deploy,gas_used,1285524,gas,
comparison,weighted_reference,10,high_skew,deploy,reference_minus_optimized,26603,gas,
comparison,weighted_reference,10,high_skew,deploy,reference_minus_optimized_pct,2.1131588082175132,%,optimized gas
deployment,weighted_reference,20,high_skew,deploy,gas_used,1884400,gas,
comparison,weighted_reference,20,high_skew,deploy,reference_minus_optimized,53460,gas,
comparison,weighted_reference,20,high_skew,deploy,reference_minus_optimized_pct,2.919811681431396,%,optimized gas
deployment,weighted_reference,50,high_skew,deploy,gas_used,4118828,gas,
comparison,weighted_reference,50,high_skew,deploy,reference_minus_optimized,233220,gas,
comparison,weighted_reference,50,high_skew,deploy,reference_minus_optimized_pct,6.002149470559048,%,optimized gas
fit,weighted_reference,,high_skew,deploy,degree_1_a,639247.396647307,gas,
fit,weighted_reference,,high_skew,deploy,degree_1_b,68554.50593980993,gas/N,
fit,weighted_reference,,high_skew,deploy,degree_1_r_squared,0.9961015696608225,dimensionless,
deployment,weighted_reference,2,dominant,deploy,gas_used,859059,gas,
comparison,weighted_reference,2,dominant,deploy,reference_minus_optimized,16951,gas,
comparison,weighted_reference,2,dominant,deploy,reference_minus_optimized_pct,2.012924707994699,%,optimized gas
deployment,weighted_reference,5,dominant,deploy,gas_used,1010910,gas,
comparison,weighted_reference,5,dominant,deploy,reference_minus_optimized,16039,gas,
comparison,weighted_reference,5,dominant,deploy,reference_minus_optimized_pct,1.6121688138462174,%,optimized gas
deployment,weighted_reference,10,dominant,deploy,gas_used,1290595,gas,
comparison,weighted_reference,10,dominant,deploy,reference_minus_optimized,26014,gas,
comparison,weighted_reference,10,dominant,deploy,reference_minus_optimized_pct,2.057124059273388,%,optimized gas
deployment,weighted_reference,20,dominant,deploy,gas_used,1853457,gas,
comparison,weighted_reference,20,dominant,deploy,reference_minus_optimized,-2401,gas,
comparison,weighted_reference,20,dominant,deploy,reference_minus_optimized_pct,-0.12937412237358678,%,optimized gas
deployment,weighted_reference,50,dominant,deploy,gas_used,4258585,gas,
comparison,weighted_reference,50,dominant,deploy,reference_minus_optimized,194829,gas,
comparison,weighted_reference,50,dominant,deploy,reference_minus_optimized_pct,4.7943085165546355,%,optimized gas
fit,weighted_reference,,dominant,deploy,degree_1_a,610457.2172650475,gas,
fit,weighted_reference,,dominant,deploy,degree_1_b,71497.93004223864,gas/N,
fit,weighted_reference,,dominant,deploy,degree_1_r_squared,0.9930092738234326,dimensionless,
profile_spread,weighted_optimized,2,all,deploy,profile_min,842108,gas,
profile_spread,weighted_optimized,2,all,deploy,profile_max,842134,gas,
profile_spread,weighted_optimized,2,all,deploy,profile_mean,842114.5,gas,
profile_spread,weighted_optimized,2,all,deploy,profile_range,26,gas,
profile_spread,weighted_optimized,2,all,deploy,profile_spread_pct,0.0030874661343558386,%,profile mean
profile_spread,weighted_optimized,2,all,deploy,cheapest_profiles,"mild_skew, high_skew, dominant",profile,
profile_spread,weighted_optimized,2,all,deploy,most_expensive_profiles,equal,profile,
profile_spread,weighted_optimized,5,all,deploy,profile_min,994383,gas,
profile_spread,weighted_optimized,5,all,deploy,profile_max,995335,gas,
profile_spread,weighted_optimized,5,all,deploy,profile_mean,994818.0,gas,
profile_spread,weighted_optimized,5,all,deploy,profile_range,952,gas,
profile_spread,weighted_optimized,5,all,deploy,profile_spread_pct,0.09569589613376517,%,profile mean
profile_spread,weighted_optimized,5,all,deploy,cheapest_profiles,high_skew,profile,
profile_spread,weighted_optimized,5,all,deploy,most_expensive_profiles,equal,profile,
profile_spread,weighted_optimized,10,all,deploy,profile_min,1258921,gas,
profile_spread,weighted_optimized,10,all,deploy,profile_max,1265051,gas,
profile_spread,weighted_optimized,10,all,deploy,profile_mean,1262618.5,gas,
profile_spread,weighted_optimized,10,all,deploy,profile_range,6130,gas,
profile_spread,weighted_optimized,10,all,deploy,profile_spread_pct,0.48549898484775883,%,profile mean
profile_spread,weighted_optimized,10,all,deploy,cheapest_profiles,high_skew,profile,
profile_spread,weighted_optimized,10,all,deploy,most_expensive_profiles,equal,profile,
profile_spread,weighted_optimized,20,all,deploy,profile_min,1830940,gas,
profile_spread,weighted_optimized,20,all,deploy,profile_max,1858200,gas,
profile_spread,weighted_optimized,20,all,deploy,profile_mean,1847359.5,gas,
profile_spread,weighted_optimized,20,all,deploy,profile_range,27260,gas,
profile_spread,weighted_optimized,20,all,deploy,profile_spread_pct,1.4756196614681658,%,profile mean
profile_spread,weighted_optimized,20,all,deploy,cheapest_profiles,high_skew,profile,
profile_spread,weighted_optimized,20,all,deploy,most_expensive_profiles,equal,profile,
profile_spread,weighted_optimized,50,all,deploy,profile_min,3885608,gas,
profile_spread,weighted_optimized,50,all,deploy,profile_max,4066258,gas,
profile_spread,weighted_optimized,50,all,deploy,profile_mean,3997807.5,gas,
profile_spread,weighted_optimized,50,all,deploy,profile_range,180650,gas,
profile_spread,weighted_optimized,50,all,deploy,profile_spread_pct,4.518726827142127,%,profile mean
profile_spread,weighted_optimized,50,all,deploy,cheapest_profiles,high_skew,profile,
profile_spread,weighted_optimized,50,all,deploy,most_expensive_profiles,equal,profile,
profile_spread,weighted_reference,2,all,deploy,profile_min,857973,gas,
profile_spread,weighted_reference,2,all,deploy,profile_max,859059,gas,
profile_spread,weighted_reference,2,all,deploy,profile_mean,858783.5,gas,
profile_spread,weighted_reference,2,all,deploy,profile_range,1086,gas,
profile_spread,weighted_reference,2,all,deploy,profile_spread_pct,0.12645794894755197,%,profile mean
profile_spread,weighted_reference,2,all,deploy,cheapest_profiles,equal,profile,
profile_spread,weighted_reference,2,all,deploy,most_expensive_profiles,dominant,profile,
profile_spread,weighted_reference,5,all,deploy,profile_min,1008981,gas,
profile_spread,weighted_reference,5,all,deploy,profile_max,1012676,gas,
profile_spread,weighted_reference,5,all,deploy,profile_mean,1011308.75,gas,
profile_spread,weighted_reference,5,all,deploy,profile_range,3695,gas,
profile_spread,weighted_reference,5,all,deploy,profile_spread_pct,0.3653681430127051,%,profile mean
profile_spread,weighted_reference,5,all,deploy,cheapest_profiles,equal,profile,
profile_spread,weighted_reference,5,all,deploy,most_expensive_profiles,high_skew,profile,
profile_spread,weighted_reference,10,all,deploy,profile_min,1270444,gas,
profile_spread,weighted_reference,10,all,deploy,profile_max,1290595,gas,
profile_spread,weighted_reference,10,all,deploy,profile_mean,1283031.75,gas,
profile_spread,weighted_reference,10,all,deploy,profile_range,20151,gas,
profile_spread,weighted_reference,10,all,deploy,profile_spread_pct,1.5705768777740692,%,profile mean
profile_spread,weighted_reference,10,all,deploy,cheapest_profiles,equal,profile,
profile_spread,weighted_reference,10,all,deploy,most_expensive_profiles,dominant,profile,
profile_spread,weighted_reference,20,all,deploy,profile_min,1830015,gas,
profile_spread,weighted_reference,20,all,deploy,profile_max,1884472,gas,
profile_spread,weighted_reference,20,all,deploy,profile_mean,1863086.0,gas,
profile_spread,weighted_reference,20,all,deploy,profile_range,54457,gas,
profile_spread,weighted_reference,20,all,deploy,profile_spread_pct,2.9229461227232667,%,profile mean
profile_spread,weighted_reference,20,all,deploy,cheapest_profiles,equal,profile,
profile_spread,weighted_reference,20,all,deploy,most_expensive_profiles,mild_skew,profile,
profile_spread,weighted_reference,50,all,deploy,profile_min,3800986,gas,
profile_spread,weighted_reference,50,all,deploy,profile_max,4258585,gas,
profile_spread,weighted_reference,50,all,deploy,profile_mean,4074306.75,gas,
profile_spread,weighted_reference,50,all,deploy,profile_range,457599,gas,
profile_spread,weighted_reference,50,all,deploy,profile_spread_pct,11.231334017744246,%,profile mean
profile_spread,weighted_reference,50,all,deploy,cheapest_profiles,equal,profile,
profile_spread,weighted_reference,50,all,deploy,most_expensive_profiles,dominant,profile,
payment_range,baseline,all,all,reservation_only_first,min_all,47123,gas,
payment_range,baseline,all,all,reservation_only_first,max_all,47123,gas,
payment_range,baseline,all,all,reservation_only_first,max_range_across_n,0,gas,
payment_range,baseline,all,all,reservation_only_first,max_range_across_profiles,0,gas,
payment_range,baseline,all,all,reservation_only_first,exactly_constant_all,1,boolean,
fixed_payment,baseline,2,equal,reservation_only_first,gas_used,47123,gas,
fixed_payment,baseline,5,equal,reservation_only_first,gas_used,47123,gas,
fixed_payment,baseline,10,equal,reservation_only_first,gas_used,47123,gas,
fixed_payment,baseline,20,equal,reservation_only_first,gas_used,47123,gas,
fixed_payment,baseline,50,equal,reservation_only_first,gas_used,47123,gas,
payment_range,baseline,all,all,reservation_only_repeat,min_all,47123,gas,
payment_range,baseline,all,all,reservation_only_repeat,max_all,47123,gas,
payment_range,baseline,all,all,reservation_only_repeat,max_range_across_n,0,gas,
payment_range,baseline,all,all,reservation_only_repeat,max_range_across_profiles,0,gas,
payment_range,baseline,all,all,reservation_only_repeat,exactly_constant_all,1,boolean,
fixed_payment,baseline,2,equal,reservation_only_repeat,gas_used,47123,gas,
fixed_payment,baseline,5,equal,reservation_only_repeat,gas_used,47123,gas,
fixed_payment,baseline,10,equal,reservation_only_repeat,gas_used,47123,gas,
fixed_payment,baseline,20,equal,reservation_only_repeat,gas_used,47123,gas,
fixed_payment,baseline,50,equal,reservation_only_repeat,gas_used,47123,gas,
payment_range,baseline,all,all,surplus_repeat,min_all,52637,gas,
payment_range,baseline,all,all,surplus_repeat,max_all,52637,gas,
payment_range,baseline,all,all,surplus_repeat,max_range_across_n,0,gas,
payment_range,baseline,all,all,surplus_repeat,max_range_across_profiles,0,gas,
payment_range,baseline,all,all,surplus_repeat,exactly_constant_all,1,boolean,
fixed_payment,baseline,2,equal,surplus_repeat,gas_used,52637,gas,
fixed_payment,baseline,5,equal,surplus_repeat,gas_used,52637,gas,
fixed_payment,baseline,10,equal,surplus_repeat,gas_used,52637,gas,
fixed_payment,baseline,20,equal,surplus_repeat,gas_used,52637,gas,
fixed_payment,baseline,50,equal,surplus_repeat,gas_used,52637,gas,
payment_range,weighted_optimized,all,all,reservation_only_first,min_all,48865,gas,
payment_range,weighted_optimized,all,all,reservation_only_first,max_all,48865,gas,
payment_range,weighted_optimized,all,all,reservation_only_first,max_range_across_n,0,gas,
payment_range,weighted_optimized,all,all,reservation_only_first,max_range_across_profiles,0,gas,
payment_range,weighted_optimized,all,all,reservation_only_first,exactly_constant_all,1,boolean,
fixed_payment,weighted_optimized,2,equal,reservation_only_first,gas_used,48865,gas,
fixed_payment,weighted_optimized,2,equal,reservation_only_first,overhead_vs_baseline,1742,gas,
fixed_payment,weighted_optimized,2,equal,reservation_only_first,overhead_vs_baseline_pct,3.6967086136281644,%,baseline gas
fixed_payment,weighted_optimized,5,equal,reservation_only_first,gas_used,48865,gas,
fixed_payment,weighted_optimized,5,equal,reservation_only_first,overhead_vs_baseline,1742,gas,
fixed_payment,weighted_optimized,5,equal,reservation_only_first,overhead_vs_baseline_pct,3.6967086136281644,%,baseline gas
fixed_payment,weighted_optimized,10,equal,reservation_only_first,gas_used,48865,gas,
fixed_payment,weighted_optimized,10,equal,reservation_only_first,overhead_vs_baseline,1742,gas,
fixed_payment,weighted_optimized,10,equal,reservation_only_first,overhead_vs_baseline_pct,3.6967086136281644,%,baseline gas
fixed_payment,weighted_optimized,20,equal,reservation_only_first,gas_used,48865,gas,
fixed_payment,weighted_optimized,20,equal,reservation_only_first,overhead_vs_baseline,1742,gas,
fixed_payment,weighted_optimized,20,equal,reservation_only_first,overhead_vs_baseline_pct,3.6967086136281644,%,baseline gas
fixed_payment,weighted_optimized,50,equal,reservation_only_first,gas_used,48865,gas,
fixed_payment,weighted_optimized,50,equal,reservation_only_first,overhead_vs_baseline,1742,gas,
fixed_payment,weighted_optimized,50,equal,reservation_only_first,overhead_vs_baseline_pct,3.6967086136281644,%,baseline gas
fixed_payment,weighted_optimized,2,mild_skew,reservation_only_first,gas_used,48865,gas,
fixed_payment,weighted_optimized,2,mild_skew,reservation_only_first,overhead_vs_baseline,1742,gas,
fixed_payment,weighted_optimized,2,mild_skew,reservation_only_first,overhead_vs_baseline_pct,3.6967086136281644,%,baseline gas
fixed_payment,weighted_optimized,5,mild_skew,reservation_only_first,gas_used,48865,gas,
fixed_payment,weighted_optimized,5,mild_skew,reservation_only_first,overhead_vs_baseline,1742,gas,
fixed_payment,weighted_optimized,5,mild_skew,reservation_only_first,overhead_vs_baseline_pct,3.6967086136281644,%,baseline gas
fixed_payment,weighted_optimized,10,mild_skew,reservation_only_first,gas_used,48865,gas,
fixed_payment,weighted_optimized,10,mild_skew,reservation_only_first,overhead_vs_baseline,1742,gas,
fixed_payment,weighted_optimized,10,mild_skew,reservation_only_first,overhead_vs_baseline_pct,3.6967086136281644,%,baseline gas
fixed_payment,weighted_optimized,20,mild_skew,reservation_only_first,gas_used,48865,gas,
fixed_payment,weighted_optimized,20,mild_skew,reservation_only_first,overhead_vs_baseline,1742,gas,
fixed_payment,weighted_optimized,20,mild_skew,reservation_only_first,overhead_vs_baseline_pct,3.6967086136281644,%,baseline gas
fixed_payment,weighted_optimized,50,mild_skew,reservation_only_first,gas_used,48865,gas,
fixed_payment,weighted_optimized,50,mild_skew,reservation_only_first,overhead_vs_baseline,1742,gas,
fixed_payment,weighted_optimized,50,mild_skew,reservation_only_first,overhead_vs_baseline_pct,3.6967086136281644,%,baseline gas
fixed_payment,weighted_optimized,2,high_skew,reservation_only_first,gas_used,48865,gas,
fixed_payment,weighted_optimized,2,high_skew,reservation_only_first,overhead_vs_baseline,1742,gas,
fixed_payment,weighted_optimized,2,high_skew,reservation_only_first,overhead_vs_baseline_pct,3.6967086136281644,%,baseline gas
fixed_payment,weighted_optimized,5,high_skew,reservation_only_first,gas_used,48865,gas,
fixed_payment,weighted_optimized,5,high_skew,reservation_only_first,overhead_vs_baseline,1742,gas,
fixed_payment,weighted_optimized,5,high_skew,reservation_only_first,overhead_vs_baseline_pct,3.6967086136281644,%,baseline gas
fixed_payment,weighted_optimized,10,high_skew,reservation_only_first,gas_used,48865,gas,
fixed_payment,weighted_optimized,10,high_skew,reservation_only_first,overhead_vs_baseline,1742,gas,
fixed_payment,weighted_optimized,10,high_skew,reservation_only_first,overhead_vs_baseline_pct,3.6967086136281644,%,baseline gas
fixed_payment,weighted_optimized,20,high_skew,reservation_only_first,gas_used,48865,gas,
fixed_payment,weighted_optimized,20,high_skew,reservation_only_first,overhead_vs_baseline,1742,gas,
fixed_payment,weighted_optimized,20,high_skew,reservation_only_first,overhead_vs_baseline_pct,3.6967086136281644,%,baseline gas
fixed_payment,weighted_optimized,50,high_skew,reservation_only_first,gas_used,48865,gas,
fixed_payment,weighted_optimized,50,high_skew,reservation_only_first,overhead_vs_baseline,1742,gas,
fixed_payment,weighted_optimized,50,high_skew,reservation_only_first,overhead_vs_baseline_pct,3.6967086136281644,%,baseline gas
fixed_payment,weighted_optimized,2,dominant,reservation_only_first,gas_used,48865,gas,
fixed_payment,weighted_optimized,2,dominant,reservation_only_first,overhead_vs_baseline,1742,gas,
fixed_payment,weighted_optimized,2,dominant,reservation_only_first,overhead_vs_baseline_pct,3.6967086136281644,%,baseline gas
fixed_payment,weighted_optimized,5,dominant,reservation_only_first,gas_used,48865,gas,
fixed_payment,weighted_optimized,5,dominant,reservation_only_first,overhead_vs_baseline,1742,gas,
fixed_payment,weighted_optimized,5,dominant,reservation_only_first,overhead_vs_baseline_pct,3.6967086136281644,%,baseline gas
fixed_payment,weighted_optimized,10,dominant,reservation_only_first,gas_used,48865,gas,
fixed_payment,weighted_optimized,10,dominant,reservation_only_first,overhead_vs_baseline,1742,gas,
fixed_payment,weighted_optimized,10,dominant,reservation_only_first,overhead_vs_baseline_pct,3.6967086136281644,%,baseline gas
fixed_payment,weighted_optimized,20,dominant,reservation_only_first,gas_used,48865,gas,
fixed_payment,weighted_optimized,20,dominant,reservation_only_first,overhead_vs_baseline,1742,gas,
fixed_payment,weighted_optimized,20,dominant,reservation_only_first,overhead_vs_baseline_pct,3.6967086136281644,%,baseline gas
fixed_payment,weighted_optimized,50,dominant,reservation_only_first,gas_used,48865,gas,
fixed_payment,weighted_optimized,50,dominant,reservation_only_first,overhead_vs_baseline,1742,gas,
fixed_payment,weighted_optimized,50,dominant,reservation_only_first,overhead_vs_baseline_pct,3.6967086136281644,%,baseline gas
payment_range,weighted_optimized,all,all,reservation_only_repeat,min_all,48865,gas,
payment_range,weighted_optimized,all,all,reservation_only_repeat,max_all,48865,gas,
payment_range,weighted_optimized,all,all,reservation_only_repeat,max_range_across_n,0,gas,
payment_range,weighted_optimized,all,all,reservation_only_repeat,max_range_across_profiles,0,gas,
payment_range,weighted_optimized,all,all,reservation_only_repeat,exactly_constant_all,1,boolean,
fixed_payment,weighted_optimized,2,equal,reservation_only_repeat,gas_used,48865,gas,
fixed_payment,weighted_optimized,2,equal,reservation_only_repeat,overhead_vs_baseline,1742,gas,
fixed_payment,weighted_optimized,2,equal,reservation_only_repeat,overhead_vs_baseline_pct,3.6967086136281644,%,baseline gas
fixed_payment,weighted_optimized,5,equal,reservation_only_repeat,gas_used,48865,gas,
fixed_payment,weighted_optimized,5,equal,reservation_only_repeat,overhead_vs_baseline,1742,gas,
fixed_payment,weighted_optimized,5,equal,reservation_only_repeat,overhead_vs_baseline_pct,3.6967086136281644,%,baseline gas
fixed_payment,weighted_optimized,10,equal,reservation_only_repeat,gas_used,48865,gas,
fixed_payment,weighted_optimized,10,equal,reservation_only_repeat,overhead_vs_baseline,1742,gas,
fixed_payment,weighted_optimized,10,equal,reservation_only_repeat,overhead_vs_baseline_pct,3.6967086136281644,%,baseline gas
fixed_payment,weighted_optimized,20,equal,reservation_only_repeat,gas_used,48865,gas,
fixed_payment,weighted_optimized,20,equal,reservation_only_repeat,overhead_vs_baseline,1742,gas,
fixed_payment,weighted_optimized,20,equal,reservation_only_repeat,overhead_vs_baseline_pct,3.6967086136281644,%,baseline gas
fixed_payment,weighted_optimized,50,equal,reservation_only_repeat,gas_used,48865,gas,
fixed_payment,weighted_optimized,50,equal,reservation_only_repeat,overhead_vs_baseline,1742,gas,
fixed_payment,weighted_optimized,50,equal,reservation_only_repeat,overhead_vs_baseline_pct,3.6967086136281644,%,baseline gas
fixed_payment,weighted_optimized,2,mild_skew,reservation_only_repeat,gas_used,48865,gas,
fixed_payment,weighted_optimized,2,mild_skew,reservation_only_repeat,overhead_vs_baseline,1742,gas,
fixed_payment,weighted_optimized,2,mild_skew,reservation_only_repeat,overhead_vs_baseline_pct,3.6967086136281644,%,baseline gas
fixed_payment,weighted_optimized,5,mild_skew,reservation_only_repeat,gas_used,48865,gas,
fixed_payment,weighted_optimized,5,mild_skew,reservation_only_repeat,overhead_vs_baseline,1742,gas,
fixed_payment,weighted_optimized,5,mild_skew,reservation_only_repeat,overhead_vs_baseline_pct,3.6967086136281644,%,baseline gas
fixed_payment,weighted_optimized,10,mild_skew,reservation_only_repeat,gas_used,48865,gas,
fixed_payment,weighted_optimized,10,mild_skew,reservation_only_repeat,overhead_vs_baseline,1742,gas,
fixed_payment,weighted_optimized,10,mild_skew,reservation_only_repeat,overhead_vs_baseline_pct,3.6967086136281644,%,baseline gas
fixed_payment,weighted_optimized,20,mild_skew,reservation_only_repeat,gas_used,48865,gas,
fixed_payment,weighted_optimized,20,mild_skew,reservation_only_repeat,overhead_vs_baseline,1742,gas,
fixed_payment,weighted_optimized,20,mild_skew,reservation_only_repeat,overhead_vs_baseline_pct,3.6967086136281644,%,baseline gas
fixed_payment,weighted_optimized,50,mild_skew,reservation_only_repeat,gas_used,48865,gas,
fixed_payment,weighted_optimized,50,mild_skew,reservation_only_repeat,overhead_vs_baseline,1742,gas,
fixed_payment,weighted_optimized,50,mild_skew,reservation_only_repeat,overhead_vs_baseline_pct,3.6967086136281644,%,baseline gas
fixed_payment,weighted_optimized,2,high_skew,reservation_only_repeat,gas_used,48865,gas,
fixed_payment,weighted_optimized,2,high_skew,reservation_only_repeat,overhead_vs_baseline,1742,gas,
fixed_payment,weighted_optimized,2,high_skew,reservation_only_repeat,overhead_vs_baseline_pct,3.6967086136281644,%,baseline gas
fixed_payment,weighted_optimized,5,high_skew,reservation_only_repeat,gas_used,48865,gas,
fixed_payment,weighted_optimized,5,high_skew,reservation_only_repeat,overhead_vs_baseline,1742,gas,
fixed_payment,weighted_optimized,5,high_skew,reservation_only_repeat,overhead_vs_baseline_pct,3.6967086136281644,%,baseline gas
fixed_payment,weighted_optimized,10,high_skew,reservation_only_repeat,gas_used,48865,gas,
fixed_payment,weighted_optimized,10,high_skew,reservation_only_repeat,overhead_vs_baseline,1742,gas,
fixed_payment,weighted_optimized,10,high_skew,reservation_only_repeat,overhead_vs_baseline_pct,3.6967086136281644,%,baseline gas
fixed_payment,weighted_optimized,20,high_skew,reservation_only_repeat,gas_used,48865,gas,
fixed_payment,weighted_optimized,20,high_skew,reservation_only_repeat,overhead_vs_baseline,1742,gas,
fixed_payment,weighted_optimized,20,high_skew,reservation_only_repeat,overhead_vs_baseline_pct,3.6967086136281644,%,baseline gas
fixed_payment,weighted_optimized,50,high_skew,reservation_only_repeat,gas_used,48865,gas,
fixed_payment,weighted_optimized,50,high_skew,reservation_only_repeat,overhead_vs_baseline,1742,gas,
fixed_payment,weighted_optimized,50,high_skew,reservation_only_repeat,overhead_vs_baseline_pct,3.6967086136281644,%,baseline gas
fixed_payment,weighted_optimized,2,dominant,reservation_only_repeat,gas_used,48865,gas,
fixed_payment,weighted_optimized,2,dominant,reservation_only_repeat,overhead_vs_baseline,1742,gas,
fixed_payment,weighted_optimized,2,dominant,reservation_only_repeat,overhead_vs_baseline_pct,3.6967086136281644,%,baseline gas
fixed_payment,weighted_optimized,5,dominant,reservation_only_repeat,gas_used,48865,gas,
fixed_payment,weighted_optimized,5,dominant,reservation_only_repeat,overhead_vs_baseline,1742,gas,
fixed_payment,weighted_optimized,5,dominant,reservation_only_repeat,overhead_vs_baseline_pct,3.6967086136281644,%,baseline gas
fixed_payment,weighted_optimized,10,dominant,reservation_only_repeat,gas_used,48865,gas,
fixed_payment,weighted_optimized,10,dominant,reservation_only_repeat,overhead_vs_baseline,1742,gas,
fixed_payment,weighted_optimized,10,dominant,reservation_only_repeat,overhead_vs_baseline_pct,3.6967086136281644,%,baseline gas
fixed_payment,weighted_optimized,20,dominant,reservation_only_repeat,gas_used,48865,gas,
fixed_payment,weighted_optimized,20,dominant,reservation_only_repeat,overhead_vs_baseline,1742,gas,
fixed_payment,weighted_optimized,20,dominant,reservation_only_repeat,overhead_vs_baseline_pct,3.6967086136281644,%,baseline gas
fixed_payment,weighted_optimized,50,dominant,reservation_only_repeat,gas_used,48865,gas,
fixed_payment,weighted_optimized,50,dominant,reservation_only_repeat,overhead_vs_baseline,1742,gas,
fixed_payment,weighted_optimized,50,dominant,reservation_only_repeat,overhead_vs_baseline_pct,3.6967086136281644,%,baseline gas
payment_range,weighted_optimized,all,all,surplus_repeat,min_all,54379,gas,
payment_range,weighted_optimized,all,all,surplus_repeat,max_all,54379,gas,
payment_range,weighted_optimized,all,all,surplus_repeat,max_range_across_n,0,gas,
payment_range,weighted_optimized,all,all,surplus_repeat,max_range_across_profiles,0,gas,
payment_range,weighted_optimized,all,all,surplus_repeat,exactly_constant_all,1,boolean,
fixed_payment,weighted_optimized,2,equal,surplus_repeat,gas_used,54379,gas,
fixed_payment,weighted_optimized,2,equal,surplus_repeat,overhead_vs_baseline,1742,gas,
fixed_payment,weighted_optimized,2,equal,surplus_repeat,overhead_vs_baseline_pct,3.309459125710052,%,baseline gas
fixed_payment,weighted_optimized,5,equal,surplus_repeat,gas_used,54379,gas,
fixed_payment,weighted_optimized,5,equal,surplus_repeat,overhead_vs_baseline,1742,gas,
fixed_payment,weighted_optimized,5,equal,surplus_repeat,overhead_vs_baseline_pct,3.309459125710052,%,baseline gas
fixed_payment,weighted_optimized,10,equal,surplus_repeat,gas_used,54379,gas,
fixed_payment,weighted_optimized,10,equal,surplus_repeat,overhead_vs_baseline,1742,gas,
fixed_payment,weighted_optimized,10,equal,surplus_repeat,overhead_vs_baseline_pct,3.309459125710052,%,baseline gas
fixed_payment,weighted_optimized,20,equal,surplus_repeat,gas_used,54379,gas,
fixed_payment,weighted_optimized,20,equal,surplus_repeat,overhead_vs_baseline,1742,gas,
fixed_payment,weighted_optimized,20,equal,surplus_repeat,overhead_vs_baseline_pct,3.309459125710052,%,baseline gas
fixed_payment,weighted_optimized,50,equal,surplus_repeat,gas_used,54379,gas,
fixed_payment,weighted_optimized,50,equal,surplus_repeat,overhead_vs_baseline,1742,gas,
fixed_payment,weighted_optimized,50,equal,surplus_repeat,overhead_vs_baseline_pct,3.309459125710052,%,baseline gas
fixed_payment,weighted_optimized,2,mild_skew,surplus_repeat,gas_used,54379,gas,
fixed_payment,weighted_optimized,2,mild_skew,surplus_repeat,overhead_vs_baseline,1742,gas,
fixed_payment,weighted_optimized,2,mild_skew,surplus_repeat,overhead_vs_baseline_pct,3.309459125710052,%,baseline gas
fixed_payment,weighted_optimized,5,mild_skew,surplus_repeat,gas_used,54379,gas,
fixed_payment,weighted_optimized,5,mild_skew,surplus_repeat,overhead_vs_baseline,1742,gas,
fixed_payment,weighted_optimized,5,mild_skew,surplus_repeat,overhead_vs_baseline_pct,3.309459125710052,%,baseline gas
fixed_payment,weighted_optimized,10,mild_skew,surplus_repeat,gas_used,54379,gas,
fixed_payment,weighted_optimized,10,mild_skew,surplus_repeat,overhead_vs_baseline,1742,gas,
fixed_payment,weighted_optimized,10,mild_skew,surplus_repeat,overhead_vs_baseline_pct,3.309459125710052,%,baseline gas
fixed_payment,weighted_optimized,20,mild_skew,surplus_repeat,gas_used,54379,gas,
fixed_payment,weighted_optimized,20,mild_skew,surplus_repeat,overhead_vs_baseline,1742,gas,
fixed_payment,weighted_optimized,20,mild_skew,surplus_repeat,overhead_vs_baseline_pct,3.309459125710052,%,baseline gas
fixed_payment,weighted_optimized,50,mild_skew,surplus_repeat,gas_used,54379,gas,
fixed_payment,weighted_optimized,50,mild_skew,surplus_repeat,overhead_vs_baseline,1742,gas,
fixed_payment,weighted_optimized,50,mild_skew,surplus_repeat,overhead_vs_baseline_pct,3.309459125710052,%,baseline gas
fixed_payment,weighted_optimized,2,high_skew,surplus_repeat,gas_used,54379,gas,
fixed_payment,weighted_optimized,2,high_skew,surplus_repeat,overhead_vs_baseline,1742,gas,
fixed_payment,weighted_optimized,2,high_skew,surplus_repeat,overhead_vs_baseline_pct,3.309459125710052,%,baseline gas
fixed_payment,weighted_optimized,5,high_skew,surplus_repeat,gas_used,54379,gas,
fixed_payment,weighted_optimized,5,high_skew,surplus_repeat,overhead_vs_baseline,1742,gas,
fixed_payment,weighted_optimized,5,high_skew,surplus_repeat,overhead_vs_baseline_pct,3.309459125710052,%,baseline gas
fixed_payment,weighted_optimized,10,high_skew,surplus_repeat,gas_used,54379,gas,
fixed_payment,weighted_optimized,10,high_skew,surplus_repeat,overhead_vs_baseline,1742,gas,
fixed_payment,weighted_optimized,10,high_skew,surplus_repeat,overhead_vs_baseline_pct,3.309459125710052,%,baseline gas
fixed_payment,weighted_optimized,20,high_skew,surplus_repeat,gas_used,54379,gas,
fixed_payment,weighted_optimized,20,high_skew,surplus_repeat,overhead_vs_baseline,1742,gas,
fixed_payment,weighted_optimized,20,high_skew,surplus_repeat,overhead_vs_baseline_pct,3.309459125710052,%,baseline gas
fixed_payment,weighted_optimized,50,high_skew,surplus_repeat,gas_used,54379,gas,
fixed_payment,weighted_optimized,50,high_skew,surplus_repeat,overhead_vs_baseline,1742,gas,
fixed_payment,weighted_optimized,50,high_skew,surplus_repeat,overhead_vs_baseline_pct,3.309459125710052,%,baseline gas
fixed_payment,weighted_optimized,2,dominant,surplus_repeat,gas_used,54379,gas,
fixed_payment,weighted_optimized,2,dominant,surplus_repeat,overhead_vs_baseline,1742,gas,
fixed_payment,weighted_optimized,2,dominant,surplus_repeat,overhead_vs_baseline_pct,3.309459125710052,%,baseline gas
fixed_payment,weighted_optimized,5,dominant,surplus_repeat,gas_used,54379,gas,
fixed_payment,weighted_optimized,5,dominant,surplus_repeat,overhead_vs_baseline,1742,gas,
fixed_payment,weighted_optimized,5,dominant,surplus_repeat,overhead_vs_baseline_pct,3.309459125710052,%,baseline gas
fixed_payment,weighted_optimized,10,dominant,surplus_repeat,gas_used,54379,gas,
fixed_payment,weighted_optimized,10,dominant,surplus_repeat,overhead_vs_baseline,1742,gas,
fixed_payment,weighted_optimized,10,dominant,surplus_repeat,overhead_vs_baseline_pct,3.309459125710052,%,baseline gas
fixed_payment,weighted_optimized,20,dominant,surplus_repeat,gas_used,54379,gas,
fixed_payment,weighted_optimized,20,dominant,surplus_repeat,overhead_vs_baseline,1742,gas,
fixed_payment,weighted_optimized,20,dominant,surplus_repeat,overhead_vs_baseline_pct,3.309459125710052,%,baseline gas
fixed_payment,weighted_optimized,50,dominant,surplus_repeat,gas_used,54379,gas,
fixed_payment,weighted_optimized,50,dominant,surplus_repeat,overhead_vs_baseline,1742,gas,
fixed_payment,weighted_optimized,50,dominant,surplus_repeat,overhead_vs_baseline_pct,3.309459125710052,%,baseline gas
payment_range,weighted_reference,all,all,reservation_only_first,min_all,90068,gas,
payment_range,weighted_reference,all,all,reservation_only_first,max_all,209444,gas,
payment_range,weighted_reference,all,all,reservation_only_first,max_range_across_n,119376,gas,
payment_range,weighted_reference,all,all,reservation_only_first,max_range_across_profiles,0,gas,
payment_range,weighted_reference,all,all,reservation_only_first,exactly_constant_all,0,boolean,
fixed_payment,weighted_reference,2,equal,reservation_only_first,gas_used,90068,gas,
comparison,weighted_reference,2,equal,reservation_only_first,reference_minus_optimized,41203,gas,
comparison,weighted_reference,2,equal,reservation_only_first,reference_minus_optimized_pct,84.32006548654456,%,optimized gas
fixed_payment,weighted_reference,5,equal,reservation_only_first,gas_used,97529,gas,
comparison,weighted_reference,5,equal,reservation_only_first,reference_minus_optimized,48664,gas,
comparison,weighted_reference,5,equal,reservation_only_first,reference_minus_optimized_pct,99.58866264197279,%,optimized gas
fixed_payment,weighted_reference,10,equal,reservation_only_first,gas_used,109964,gas,
comparison,weighted_reference,10,equal,reservation_only_first,reference_minus_optimized,61099,gas,
comparison,weighted_reference,10,equal,reservation_only_first,reference_minus_optimized_pct,125.03632456768648,%,optimized gas
fixed_payment,weighted_reference,20,equal,reservation_only_first,gas_used,134834,gas,
comparison,weighted_reference,20,equal,reservation_only_first,reference_minus_optimized,85969,gas,
comparison,weighted_reference,20,equal,reservation_only_first,reference_minus_optimized_pct,175.93164841911388,%,optimized gas
fixed_payment,weighted_reference,50,equal,reservation_only_first,gas_used,209444,gas,
comparison,weighted_reference,50,equal,reservation_only_first,reference_minus_optimized,160579,gas,
comparison,weighted_reference,50,equal,reservation_only_first,reference_minus_optimized_pct,328.6176199733961,%,optimized gas
fit,weighted_reference,,equal,reservation_only_first,a,85093.99999999997,gas,
fit,weighted_reference,,equal,reservation_only_first,b,2487.0,gas/N,
fit,weighted_reference,,equal,reservation_only_first,r_squared,1.0,dimensionless,
fixed_payment,weighted_reference,2,mild_skew,reservation_only_first,gas_used,90068,gas,
comparison,weighted_reference,2,mild_skew,reservation_only_first,reference_minus_optimized,41203,gas,
comparison,weighted_reference,2,mild_skew,reservation_only_first,reference_minus_optimized_pct,84.32006548654456,%,optimized gas
fixed_payment,weighted_reference,5,mild_skew,reservation_only_first,gas_used,97529,gas,
comparison,weighted_reference,5,mild_skew,reservation_only_first,reference_minus_optimized,48664,gas,
comparison,weighted_reference,5,mild_skew,reservation_only_first,reference_minus_optimized_pct,99.58866264197279,%,optimized gas
fixed_payment,weighted_reference,10,mild_skew,reservation_only_first,gas_used,109964,gas,
comparison,weighted_reference,10,mild_skew,reservation_only_first,reference_minus_optimized,61099,gas,
comparison,weighted_reference,10,mild_skew,reservation_only_first,reference_minus_optimized_pct,125.03632456768648,%,optimized gas
fixed_payment,weighted_reference,20,mild_skew,reservation_only_first,gas_used,134834,gas,
comparison,weighted_reference,20,mild_skew,reservation_only_first,reference_minus_optimized,85969,gas,
comparison,weighted_reference,20,mild_skew,reservation_only_first,reference_minus_optimized_pct,175.93164841911388,%,optimized gas
fixed_payment,weighted_reference,50,mild_skew,reservation_only_first,gas_used,209444,gas,
comparison,weighted_reference,50,mild_skew,reservation_only_first,reference_minus_optimized,160579,gas,
comparison,weighted_reference,50,mild_skew,reservation_only_first,reference_minus_optimized_pct,328.6176199733961,%,optimized gas
fit,weighted_reference,,mild_skew,reservation_only_first,a,85093.99999999997,gas,
fit,weighted_reference,,mild_skew,reservation_only_first,b,2487.0,gas/N,
fit,weighted_reference,,mild_skew,reservation_only_first,r_squared,1.0,dimensionless,
fixed_payment,weighted_reference,2,high_skew,reservation_only_first,gas_used,90068,gas,
comparison,weighted_reference,2,high_skew,reservation_only_first,reference_minus_optimized,41203,gas,
comparison,weighted_reference,2,high_skew,reservation_only_first,reference_minus_optimized_pct,84.32006548654456,%,optimized gas
fixed_payment,weighted_reference,5,high_skew,reservation_only_first,gas_used,97529,gas,
comparison,weighted_reference,5,high_skew,reservation_only_first,reference_minus_optimized,48664,gas,
comparison,weighted_reference,5,high_skew,reservation_only_first,reference_minus_optimized_pct,99.58866264197279,%,optimized gas
fixed_payment,weighted_reference,10,high_skew,reservation_only_first,gas_used,109964,gas,
comparison,weighted_reference,10,high_skew,reservation_only_first,reference_minus_optimized,61099,gas,
comparison,weighted_reference,10,high_skew,reservation_only_first,reference_minus_optimized_pct,125.03632456768648,%,optimized gas
fixed_payment,weighted_reference,20,high_skew,reservation_only_first,gas_used,134834,gas,
comparison,weighted_reference,20,high_skew,reservation_only_first,reference_minus_optimized,85969,gas,
comparison,weighted_reference,20,high_skew,reservation_only_first,reference_minus_optimized_pct,175.93164841911388,%,optimized gas
fixed_payment,weighted_reference,50,high_skew,reservation_only_first,gas_used,209444,gas,
comparison,weighted_reference,50,high_skew,reservation_only_first,reference_minus_optimized,160579,gas,
comparison,weighted_reference,50,high_skew,reservation_only_first,reference_minus_optimized_pct,328.6176199733961,%,optimized gas
fit,weighted_reference,,high_skew,reservation_only_first,a,85093.99999999997,gas,
fit,weighted_reference,,high_skew,reservation_only_first,b,2487.0,gas/N,
fit,weighted_reference,,high_skew,reservation_only_first,r_squared,1.0,dimensionless,
fixed_payment,weighted_reference,2,dominant,reservation_only_first,gas_used,90068,gas,
comparison,weighted_reference,2,dominant,reservation_only_first,reference_minus_optimized,41203,gas,
comparison,weighted_reference,2,dominant,reservation_only_first,reference_minus_optimized_pct,84.32006548654456,%,optimized gas
fixed_payment,weighted_reference,5,dominant,reservation_only_first,gas_used,97529,gas,
comparison,weighted_reference,5,dominant,reservation_only_first,reference_minus_optimized,48664,gas,
comparison,weighted_reference,5,dominant,reservation_only_first,reference_minus_optimized_pct,99.58866264197279,%,optimized gas
fixed_payment,weighted_reference,10,dominant,reservation_only_first,gas_used,109964,gas,
comparison,weighted_reference,10,dominant,reservation_only_first,reference_minus_optimized,61099,gas,
comparison,weighted_reference,10,dominant,reservation_only_first,reference_minus_optimized_pct,125.03632456768648,%,optimized gas
fixed_payment,weighted_reference,20,dominant,reservation_only_first,gas_used,134834,gas,
comparison,weighted_reference,20,dominant,reservation_only_first,reference_minus_optimized,85969,gas,
comparison,weighted_reference,20,dominant,reservation_only_first,reference_minus_optimized_pct,175.93164841911388,%,optimized gas
fixed_payment,weighted_reference,50,dominant,reservation_only_first,gas_used,209444,gas,
comparison,weighted_reference,50,dominant,reservation_only_first,reference_minus_optimized,160579,gas,
comparison,weighted_reference,50,dominant,reservation_only_first,reference_minus_optimized_pct,328.6176199733961,%,optimized gas
fit,weighted_reference,,dominant,reservation_only_first,a,85093.99999999997,gas,
fit,weighted_reference,,dominant,reservation_only_first,b,2487.0,gas/N,
fit,weighted_reference,,dominant,reservation_only_first,r_squared,1.0,dimensionless,
payment_range,weighted_reference,all,all,reservation_only_repeat,min_all,74295,gas,
payment_range,weighted_reference,all,all,reservation_only_repeat,max_all,192344,gas,
payment_range,weighted_reference,all,all,reservation_only_repeat,max_range_across_n,118049,gas,
payment_range,weighted_reference,all,all,reservation_only_repeat,max_range_across_profiles,0,gas,
payment_range,weighted_reference,all,all,reservation_only_repeat,exactly_constant_all,0,boolean,
fixed_payment,weighted_reference,2,equal,reservation_only_repeat,gas_used,74295,gas,
comparison,weighted_reference,2,equal,reservation_only_repeat,reference_minus_optimized,25430,gas,
comparison,weighted_reference,2,equal,reservation_only_repeat,reference_minus_optimized_pct,52.04133838125448,%,optimized gas
fixed_payment,weighted_reference,5,equal,reservation_only_repeat,gas_used,80429,gas,
comparison,weighted_reference,5,equal,reservation_only_repeat,reference_minus_optimized,31564,gas,
comparison,weighted_reference,5,equal,reservation_only_repeat,reference_minus_optimized_pct,64.59429039189604,%,optimized gas
fixed_payment,weighted_reference,10,equal,reservation_only_repeat,gas_used,92864,gas,
comparison,weighted_reference,10,equal,reservation_only_repeat,reference_minus_optimized,43999,gas,
comparison,weighted_reference,10,equal,reservation_only_repeat,reference_minus_optimized_pct,90.04195231760974,%,optimized gas
fixed_payment,weighted_reference,20,equal,reservation_only_repeat,gas_used,117734,gas,
comparison,weighted_reference,20,equal,reservation_only_repeat,reference_minus_optimized,68869,gas,
comparison,weighted_reference,20,equal,reservation_only_repeat,reference_minus_optimized_pct,140.93727616903715,%,optimized gas
fixed_payment,weighted_reference,50,equal,reservation_only_repeat,gas_used,192344,gas,
comparison,weighted_reference,50,equal,reservation_only_repeat,reference_minus_optimized,143479,gas,
comparison,weighted_reference,50,equal,reservation_only_repeat,reference_minus_optimized_pct,293.62324772331937,%,optimized gas
fit,weighted_reference,,equal,reservation_only_repeat,a,68494.07721752905,gas,
fit,weighted_reference,,equal,reservation_only_repeat,b,2473.512803590285,gas/N,
fit,weighted_reference,,equal,reservation_only_repeat,r_squared,0.9998777848255495,dimensionless,
fixed_payment,weighted_reference,2,mild_skew,reservation_only_repeat,gas_used,74295,gas,
comparison,weighted_reference,2,mild_skew,reservation_only_repeat,reference_minus_optimized,25430,gas,
comparison,weighted_reference,2,mild_skew,reservation_only_repeat,reference_minus_optimized_pct,52.04133838125448,%,optimized gas
fixed_payment,weighted_reference,5,mild_skew,reservation_only_repeat,gas_used,80429,gas,
comparison,weighted_reference,5,mild_skew,reservation_only_repeat,reference_minus_optimized,31564,gas,
comparison,weighted_reference,5,mild_skew,reservation_only_repeat,reference_minus_optimized_pct,64.59429039189604,%,optimized gas
fixed_payment,weighted_reference,10,mild_skew,reservation_only_repeat,gas_used,92864,gas,
comparison,weighted_reference,10,mild_skew,reservation_only_repeat,reference_minus_optimized,43999,gas,
comparison,weighted_reference,10,mild_skew,reservation_only_repeat,reference_minus_optimized_pct,90.04195231760974,%,optimized gas
fixed_payment,weighted_reference,20,mild_skew,reservation_only_repeat,gas_used,117734,gas,
comparison,weighted_reference,20,mild_skew,reservation_only_repeat,reference_minus_optimized,68869,gas,
comparison,weighted_reference,20,mild_skew,reservation_only_repeat,reference_minus_optimized_pct,140.93727616903715,%,optimized gas
fixed_payment,weighted_reference,50,mild_skew,reservation_only_repeat,gas_used,192344,gas,
comparison,weighted_reference,50,mild_skew,reservation_only_repeat,reference_minus_optimized,143479,gas,
comparison,weighted_reference,50,mild_skew,reservation_only_repeat,reference_minus_optimized_pct,293.62324772331937,%,optimized gas
fit,weighted_reference,,mild_skew,reservation_only_repeat,a,68494.07721752905,gas,
fit,weighted_reference,,mild_skew,reservation_only_repeat,b,2473.512803590285,gas/N,
fit,weighted_reference,,mild_skew,reservation_only_repeat,r_squared,0.9998777848255495,dimensionless,
fixed_payment,weighted_reference,2,high_skew,reservation_only_repeat,gas_used,74295,gas,
comparison,weighted_reference,2,high_skew,reservation_only_repeat,reference_minus_optimized,25430,gas,
comparison,weighted_reference,2,high_skew,reservation_only_repeat,reference_minus_optimized_pct,52.04133838125448,%,optimized gas
fixed_payment,weighted_reference,5,high_skew,reservation_only_repeat,gas_used,80429,gas,
comparison,weighted_reference,5,high_skew,reservation_only_repeat,reference_minus_optimized,31564,gas,
comparison,weighted_reference,5,high_skew,reservation_only_repeat,reference_minus_optimized_pct,64.59429039189604,%,optimized gas
fixed_payment,weighted_reference,10,high_skew,reservation_only_repeat,gas_used,92864,gas,
comparison,weighted_reference,10,high_skew,reservation_only_repeat,reference_minus_optimized,43999,gas,
comparison,weighted_reference,10,high_skew,reservation_only_repeat,reference_minus_optimized_pct,90.04195231760974,%,optimized gas
fixed_payment,weighted_reference,20,high_skew,reservation_only_repeat,gas_used,117734,gas,
comparison,weighted_reference,20,high_skew,reservation_only_repeat,reference_minus_optimized,68869,gas,
comparison,weighted_reference,20,high_skew,reservation_only_repeat,reference_minus_optimized_pct,140.93727616903715,%,optimized gas
fixed_payment,weighted_reference,50,high_skew,reservation_only_repeat,gas_used,192344,gas,
comparison,weighted_reference,50,high_skew,reservation_only_repeat,reference_minus_optimized,143479,gas,
comparison,weighted_reference,50,high_skew,reservation_only_repeat,reference_minus_optimized_pct,293.62324772331937,%,optimized gas
fit,weighted_reference,,high_skew,reservation_only_repeat,a,68494.07721752905,gas,
fit,weighted_reference,,high_skew,reservation_only_repeat,b,2473.512803590285,gas/N,
fit,weighted_reference,,high_skew,reservation_only_repeat,r_squared,0.9998777848255495,dimensionless,
fixed_payment,weighted_reference,2,dominant,reservation_only_repeat,gas_used,74295,gas,
comparison,weighted_reference,2,dominant,reservation_only_repeat,reference_minus_optimized,25430,gas,
comparison,weighted_reference,2,dominant,reservation_only_repeat,reference_minus_optimized_pct,52.04133838125448,%,optimized gas
fixed_payment,weighted_reference,5,dominant,reservation_only_repeat,gas_used,80429,gas,
comparison,weighted_reference,5,dominant,reservation_only_repeat,reference_minus_optimized,31564,gas,
comparison,weighted_reference,5,dominant,reservation_only_repeat,reference_minus_optimized_pct,64.59429039189604,%,optimized gas
fixed_payment,weighted_reference,10,dominant,reservation_only_repeat,gas_used,92864,gas,
comparison,weighted_reference,10,dominant,reservation_only_repeat,reference_minus_optimized,43999,gas,
comparison,weighted_reference,10,dominant,reservation_only_repeat,reference_minus_optimized_pct,90.04195231760974,%,optimized gas
fixed_payment,weighted_reference,20,dominant,reservation_only_repeat,gas_used,117734,gas,
comparison,weighted_reference,20,dominant,reservation_only_repeat,reference_minus_optimized,68869,gas,
comparison,weighted_reference,20,dominant,reservation_only_repeat,reference_minus_optimized_pct,140.93727616903715,%,optimized gas
fixed_payment,weighted_reference,50,dominant,reservation_only_repeat,gas_used,192344,gas,
comparison,weighted_reference,50,dominant,reservation_only_repeat,reference_minus_optimized,143479,gas,
comparison,weighted_reference,50,dominant,reservation_only_repeat,reference_minus_optimized_pct,293.62324772331937,%,optimized gas
fit,weighted_reference,,dominant,reservation_only_repeat,a,68494.07721752905,gas,
fit,weighted_reference,,dominant,reservation_only_repeat,b,2473.512803590285,gas/N,
fit,weighted_reference,,dominant,reservation_only_repeat,r_squared,0.9998777848255495,dimensionless,
payment_range,weighted_reference,all,all,surplus_repeat,min_all,76634,gas,
payment_range,weighted_reference,all,all,surplus_repeat,max_all,195268,gas,
payment_range,weighted_reference,all,all,surplus_repeat,max_range_across_n,118634,gas,
payment_range,weighted_reference,all,all,surplus_repeat,max_range_across_profiles,0,gas,
payment_range,weighted_reference,all,all,surplus_repeat,exactly_constant_all,0,boolean,
fixed_payment,weighted_reference,2,equal,surplus_repeat,gas_used,76634,gas,
comparison,weighted_reference,2,equal,surplus_repeat,reference_minus_optimized,22255,gas,
comparison,weighted_reference,2,equal,surplus_repeat,reference_minus_optimized_pct,40.925725004137625,%,optimized gas
fixed_payment,weighted_reference,5,equal,surplus_repeat,gas_used,83353,gas,
comparison,weighted_reference,5,equal,surplus_repeat,reference_minus_optimized,28974,gas,
comparison,weighted_reference,5,equal,surplus_repeat,reference_minus_optimized_pct,53.28159767557329,%,optimized gas
fixed_payment,weighted_reference,10,equal,surplus_repeat,gas_used,95788,gas,
comparison,weighted_reference,10,equal,surplus_repeat,reference_minus_optimized,41409,gas,
comparison,weighted_reference,10,equal,surplus_repeat,reference_minus_optimized_pct,76.14888100185733,%,optimized gas
fixed_payment,weighted_reference,20,equal,surplus_repeat,gas_used,120658,gas,
comparison,weighted_reference,20,equal,surplus_repeat,reference_minus_optimized,66279,gas,
comparison,weighted_reference,20,equal,surplus_repeat,reference_minus_optimized_pct,121.88344765442542,%,optimized gas
fixed_payment,weighted_reference,50,equal,surplus_repeat,gas_used,195268,gas,
comparison,weighted_reference,50,equal,surplus_repeat,reference_minus_optimized,140889,gas,
comparison,weighted_reference,50,equal,surplus_repeat,reference_minus_optimized_pct,259.0871476121297,%,optimized gas
fit,weighted_reference,,equal,surplus_repeat,a,71197.62117212247,gas,
fit,weighted_reference,,equal,surplus_repeat,b,2479.4585533262943,gas/N,
fit,weighted_reference,,equal,surplus_repeat,r_squared,0.999961968602894,dimensionless,
fixed_payment,weighted_reference,2,mild_skew,surplus_repeat,gas_used,76634,gas,
comparison,weighted_reference,2,mild_skew,surplus_repeat,reference_minus_optimized,22255,gas,
comparison,weighted_reference,2,mild_skew,surplus_repeat,reference_minus_optimized_pct,40.925725004137625,%,optimized gas
fixed_payment,weighted_reference,5,mild_skew,surplus_repeat,gas_used,83353,gas,
comparison,weighted_reference,5,mild_skew,surplus_repeat,reference_minus_optimized,28974,gas,
comparison,weighted_reference,5,mild_skew,surplus_repeat,reference_minus_optimized_pct,53.28159767557329,%,optimized gas
fixed_payment,weighted_reference,10,mild_skew,surplus_repeat,gas_used,95788,gas,
comparison,weighted_reference,10,mild_skew,surplus_repeat,reference_minus_optimized,41409,gas,
comparison,weighted_reference,10,mild_skew,surplus_repeat,reference_minus_optimized_pct,76.14888100185733,%,optimized gas
fixed_payment,weighted_reference,20,mild_skew,surplus_repeat,gas_used,120658,gas,
comparison,weighted_reference,20,mild_skew,surplus_repeat,reference_minus_optimized,66279,gas,
comparison,weighted_reference,20,mild_skew,surplus_repeat,reference_minus_optimized_pct,121.88344765442542,%,optimized gas
fixed_payment,weighted_reference,50,mild_skew,surplus_repeat,gas_used,195268,gas,
comparison,weighted_reference,50,mild_skew,surplus_repeat,reference_minus_optimized,140889,gas,
comparison,weighted_reference,50,mild_skew,surplus_repeat,reference_minus_optimized_pct,259.0871476121297,%,optimized gas
fit,weighted_reference,,mild_skew,surplus_repeat,a,71197.62117212247,gas,
fit,weighted_reference,,mild_skew,surplus_repeat,b,2479.4585533262943,gas/N,
fit,weighted_reference,,mild_skew,surplus_repeat,r_squared,0.999961968602894,dimensionless,
fixed_payment,weighted_reference,2,high_skew,surplus_repeat,gas_used,76634,gas,
comparison,weighted_reference,2,high_skew,surplus_repeat,reference_minus_optimized,22255,gas,
comparison,weighted_reference,2,high_skew,surplus_repeat,reference_minus_optimized_pct,40.925725004137625,%,optimized gas
fixed_payment,weighted_reference,5,high_skew,surplus_repeat,gas_used,83353,gas,
comparison,weighted_reference,5,high_skew,surplus_repeat,reference_minus_optimized,28974,gas,
comparison,weighted_reference,5,high_skew,surplus_repeat,reference_minus_optimized_pct,53.28159767557329,%,optimized gas
fixed_payment,weighted_reference,10,high_skew,surplus_repeat,gas_used,95788,gas,
comparison,weighted_reference,10,high_skew,surplus_repeat,reference_minus_optimized,41409,gas,
comparison,weighted_reference,10,high_skew,surplus_repeat,reference_minus_optimized_pct,76.14888100185733,%,optimized gas
fixed_payment,weighted_reference,20,high_skew,surplus_repeat,gas_used,120658,gas,
comparison,weighted_reference,20,high_skew,surplus_repeat,reference_minus_optimized,66279,gas,
comparison,weighted_reference,20,high_skew,surplus_repeat,reference_minus_optimized_pct,121.88344765442542,%,optimized gas
fixed_payment,weighted_reference,50,high_skew,surplus_repeat,gas_used,195268,gas,
comparison,weighted_reference,50,high_skew,surplus_repeat,reference_minus_optimized,140889,gas,
comparison,weighted_reference,50,high_skew,surplus_repeat,reference_minus_optimized_pct,259.0871476121297,%,optimized gas
fit,weighted_reference,,high_skew,surplus_repeat,a,71197.62117212247,gas,
fit,weighted_reference,,high_skew,surplus_repeat,b,2479.4585533262943,gas/N,
fit,weighted_reference,,high_skew,surplus_repeat,r_squared,0.999961968602894,dimensionless,
fixed_payment,weighted_reference,2,dominant,surplus_repeat,gas_used,76634,gas,
comparison,weighted_reference,2,dominant,surplus_repeat,reference_minus_optimized,22255,gas,
comparison,weighted_reference,2,dominant,surplus_repeat,reference_minus_optimized_pct,40.925725004137625,%,optimized gas
fixed_payment,weighted_reference,5,dominant,surplus_repeat,gas_used,83353,gas,
comparison,weighted_reference,5,dominant,surplus_repeat,reference_minus_optimized,28974,gas,
comparison,weighted_reference,5,dominant,surplus_repeat,reference_minus_optimized_pct,53.28159767557329,%,optimized gas
fixed_payment,weighted_reference,10,dominant,surplus_repeat,gas_used,95788,gas,
comparison,weighted_reference,10,dominant,surplus_repeat,reference_minus_optimized,41409,gas,
comparison,weighted_reference,10,dominant,surplus_repeat,reference_minus_optimized_pct,76.14888100185733,%,optimized gas
fixed_payment,weighted_reference,20,dominant,surplus_repeat,gas_used,120658,gas,
comparison,weighted_reference,20,dominant,surplus_repeat,reference_minus_optimized,66279,gas,
comparison,weighted_reference,20,dominant,surplus_repeat,reference_minus_optimized_pct,121.88344765442542,%,optimized gas
fixed_payment,weighted_reference,50,dominant,surplus_repeat,gas_used,195268,gas,
comparison,weighted_reference,50,dominant,surplus_repeat,reference_minus_optimized,140889,gas,
comparison,weighted_reference,50,dominant,surplus_repeat,reference_minus_optimized_pct,259.0871476121297,%,optimized gas
fit,weighted_reference,,dominant,surplus_repeat,a,71197.62117212247,gas,
fit,weighted_reference,,dominant,surplus_repeat,b,2479.4585533262943,gas/N,
fit,weighted_reference,,dominant,surplus_repeat,r_squared,0.999961968602894,dimensionless,
boundary,baseline,2,equal,surplus_first,amount_min,249998000001,token units,
boundary,baseline,2,equal,surplus_first,amount_max,249998000001,token units,
boundary,baseline,2,equal,surplus_first,gas_min,69823,gas,
boundary,baseline,2,equal,surplus_first,gas_max,69823,gas,
boundary,baseline,2,equal,surplus_first,from_surplus,1,token units,
boundary,baseline,5,equal,surplus_first,amount_min,99998000001,token units,
boundary,baseline,5,equal,surplus_first,amount_max,99998000001,token units,
boundary,baseline,5,equal,surplus_first,gas_min,69823,gas,
boundary,baseline,5,equal,surplus_first,gas_max,69823,gas,
boundary,baseline,5,equal,surplus_first,from_surplus,1,token units,
boundary,baseline,10,equal,surplus_first,amount_min,49998000001,token units,
boundary,baseline,10,equal,surplus_first,amount_max,49998000001,token units,
boundary,baseline,10,equal,surplus_first,gas_min,69823,gas,
boundary,baseline,10,equal,surplus_first,gas_max,69823,gas,
boundary,baseline,10,equal,surplus_first,from_surplus,1,token units,
boundary,baseline,20,equal,surplus_first,amount_min,24998000001,token units,
boundary,baseline,20,equal,surplus_first,amount_max,24998000001,token units,
boundary,baseline,20,equal,surplus_first,gas_min,69823,gas,
boundary,baseline,20,equal,surplus_first,gas_max,69823,gas,
boundary,baseline,20,equal,surplus_first,from_surplus,1,token units,
boundary,baseline,50,equal,surplus_first,amount_min,9998000001,token units,
boundary,baseline,50,equal,surplus_first,amount_max,9998000001,token units,
boundary,baseline,50,equal,surplus_first,gas_min,69823,gas,
boundary,baseline,50,equal,surplus_first,gas_max,69823,gas,
boundary,baseline,50,equal,surplus_first,from_surplus,1,token units,
boundary,weighted_optimized,2,equal,surplus_first,amount_min,249998000001,token units,
boundary,weighted_optimized,2,equal,surplus_first,amount_max,249998000001,token units,
boundary,weighted_optimized,2,equal,surplus_first,gas_min,71565,gas,
boundary,weighted_optimized,2,equal,surplus_first,gas_max,71565,gas,
boundary,weighted_optimized,2,equal,surplus_first,from_surplus,1,token units,
boundary,weighted_optimized,5,equal,surplus_first,amount_min,99998000001,token units,
boundary,weighted_optimized,5,equal,surplus_first,amount_max,99998000001,token units,
boundary,weighted_optimized,5,equal,surplus_first,gas_min,71565,gas,
boundary,weighted_optimized,5,equal,surplus_first,gas_max,71565,gas,
boundary,weighted_optimized,5,equal,surplus_first,from_surplus,1,token units,
boundary,weighted_optimized,10,equal,surplus_first,amount_min,49998000001,token units,
boundary,weighted_optimized,10,equal,surplus_first,amount_max,49998000001,token units,
boundary,weighted_optimized,10,equal,surplus_first,gas_min,71565,gas,
boundary,weighted_optimized,10,equal,surplus_first,gas_max,71565,gas,
boundary,weighted_optimized,10,equal,surplus_first,from_surplus,1,token units,
boundary,weighted_optimized,20,equal,surplus_first,amount_min,24998000001,token units,
boundary,weighted_optimized,20,equal,surplus_first,amount_max,24998000001,token units,
boundary,weighted_optimized,20,equal,surplus_first,gas_min,71565,gas,
boundary,weighted_optimized,20,equal,surplus_first,gas_max,71565,gas,
boundary,weighted_optimized,20,equal,surplus_first,from_surplus,1,token units,
boundary,weighted_optimized,50,equal,surplus_first,amount_min,9998000001,token units,
boundary,weighted_optimized,50,equal,surplus_first,amount_max,9998000001,token units,
boundary,weighted_optimized,50,equal,surplus_first,gas_min,71565,gas,
boundary,weighted_optimized,50,equal,surplus_first,gas_max,71565,gas,
boundary,weighted_optimized,50,equal,surplus_first,from_surplus,1,token units,
boundary,weighted_optimized,2,mild_skew,surplus_first,amount_min,333331333334,token units,
boundary,weighted_optimized,2,mild_skew,surplus_first,amount_max,333331333334,token units,
boundary,weighted_optimized,2,mild_skew,surplus_first,gas_min,71565,gas,
boundary,weighted_optimized,2,mild_skew,surplus_first,gas_max,71565,gas,
boundary,weighted_optimized,2,mild_skew,surplus_first,from_surplus,1,token units,
boundary,weighted_optimized,5,mild_skew,surplus_first,amount_min,71426571429,token units,
boundary,weighted_optimized,5,mild_skew,surplus_first,amount_max,71426571429,token units,
boundary,weighted_optimized,5,mild_skew,surplus_first,gas_min,71565,gas,
boundary,weighted_optimized,5,mild_skew,surplus_first,gas_max,71565,gas,
boundary,weighted_optimized,5,mild_skew,surplus_first,from_surplus,1,token units,
boundary,weighted_optimized,10,mild_skew,surplus_first,amount_min,66664666668,token units,
boundary,weighted_optimized,10,mild_skew,surplus_first,amount_max,66664666668,token units,
boundary,weighted_optimized,10,mild_skew,surplus_first,gas_min,71565,gas,
boundary,weighted_optimized,10,mild_skew,surplus_first,gas_max,71565,gas,
boundary,weighted_optimized,10,mild_skew,surplus_first,from_surplus,1,token units,
boundary,weighted_optimized,20,mild_skew,surplus_first,amount_min,33331333334,token units,
boundary,weighted_optimized,20,mild_skew,surplus_first,amount_max,33331333334,token units,
boundary,weighted_optimized,20,mild_skew,surplus_first,gas_min,71565,gas,
boundary,weighted_optimized,20,mild_skew,surplus_first,gas_max,71565,gas,
boundary,weighted_optimized,20,mild_skew,surplus_first,from_surplus,1,token units,
boundary,weighted_optimized,50,mild_skew,surplus_first,amount_min,13331333334,token units,
boundary,weighted_optimized,50,mild_skew,surplus_first,amount_max,13331333334,token units,
boundary,weighted_optimized,50,mild_skew,surplus_first,gas_min,71553,gas,
boundary,weighted_optimized,50,mild_skew,surplus_first,gas_max,71553,gas,
boundary,weighted_optimized,50,mild_skew,surplus_first,from_surplus,1,token units,
boundary,weighted_optimized,2,high_skew,surplus_first,amount_min,333331333334,token units,
boundary,weighted_optimized,2,high_skew,surplus_first,amount_max,333331333334,token units,
boundary,weighted_optimized,2,high_skew,surplus_first,gas_min,71565,gas,
boundary,weighted_optimized,2,high_skew,surplus_first,gas_max,71565,gas,
boundary,weighted_optimized,2,high_skew,surplus_first,from_surplus,1,token units,
boundary,weighted_optimized,5,high_skew,surplus_first,amount_min,166664666668,token units,
boundary,weighted_optimized,5,high_skew,surplus_first,amount_max,166664666668,token units,
boundary,weighted_optimized,5,high_skew,surplus_first,gas_min,71565,gas,
boundary,weighted_optimized,5,high_skew,surplus_first,gas_max,71565,gas,
boundary,weighted_optimized,5,high_skew,surplus_first,from_surplus,1,token units,
boundary,weighted_optimized,10,high_skew,surplus_first,amount_min,90907090910,token units,
boundary,weighted_optimized,10,high_skew,surplus_first,amount_max,90907090910,token units,
boundary,weighted_optimized,10,high_skew,surplus_first,gas_min,71565,gas,
boundary,weighted_optimized,10,high_skew,surplus_first,gas_max,71565,gas,
boundary,weighted_optimized,10,high_skew,surplus_first,from_surplus,1,token units,
boundary,weighted_optimized,20,high_skew,surplus_first,amount_min,47617047620,token units,
boundary,weighted_optimized,20,high_skew,surplus_first,amount_max,47617047620,token units,
boundary,weighted_optimized,20,high_skew,surplus_first,gas_min,71565,gas,
boundary,weighted_optimized,20,high_skew,surplus_first,gas_max,71565,gas,
boundary,weighted_optimized,20,high_skew,surplus_first,from_surplus,1,token units,
boundary,weighted_optimized,50,high_skew,surplus_first,amount_min,19605843138,token units,
boundary,weighted_optimized,50,high_skew,surplus_first,amount_max,19605843138,token units,
boundary,weighted_optimized,50,high_skew,surplus_first,gas_min,71565,gas,
boundary,weighted_optimized,50,high_skew,surplus_first,gas_max,71565,gas,
boundary,weighted_optimized,50,high_skew,surplus_first,from_surplus,1,token units,
boundary,weighted_optimized,2,dominant,surplus_first,amount_min,497510437812,token units,
boundary,weighted_optimized,2,dominant,surplus_first,amount_max,497510437812,token units,
boundary,weighted_optimized,2,dominant,surplus_first,gas_min,71565,gas,
boundary,weighted_optimized,2,dominant,surplus_first,gas_max,71565,gas,
boundary,weighted_optimized,2,dominant,surplus_first,from_surplus,1,token units,
boundary,weighted_optimized,5,dominant,surplus_first,amount_min,496029746033,token units,
boundary,weighted_optimized,5,dominant,surplus_first,amount_max,496029746033,token units,
boundary,weighted_optimized,5,dominant,surplus_first,gas_min,71565,gas,
boundary,weighted_optimized,5,dominant,surplus_first,gas_max,71565,gas,
boundary,weighted_optimized,5,dominant,surplus_first,from_surplus,1,token units,
boundary,weighted_optimized,10,dominant,surplus_first,amount_min,495538138752,token units,
boundary,weighted_optimized,10,dominant,surplus_first,amount_max,495538138752,token units,
boundary,weighted_optimized,10,dominant,surplus_first,gas_min,71565,gas,
boundary,weighted_optimized,10,dominant,surplus_first,gas_max,71565,gas,
boundary,weighted_optimized,10,dominant,surplus_first,from_surplus,1,token units,
boundary,weighted_optimized,20,dominant,surplus_first,amount_min,495292700348,token units,
boundary,weighted_optimized,20,dominant,surplus_first,amount_max,495292700348,token units,
boundary,weighted_optimized,20,dominant,surplus_first,gas_min,71565,gas,
boundary,weighted_optimized,20,dominant,surplus_first,gas_max,71565,gas,
boundary,weighted_optimized,20,dominant,surplus_first,from_surplus,1,token units,
boundary,weighted_optimized,50,dominant,surplus_first,amount_min,495145553972,token units,
boundary,weighted_optimized,50,dominant,surplus_first,amount_max,495145553972,token units,
boundary,weighted_optimized,50,dominant,surplus_first,gas_min,71565,gas,
boundary,weighted_optimized,50,dominant,surplus_first,gas_max,71565,gas,
boundary,weighted_optimized,50,dominant,surplus_first,from_surplus,1,token units,
boundary,weighted_reference,2,equal,surplus_first,amount_min,249998000001,token units,
boundary,weighted_reference,2,equal,surplus_first,amount_max,249998000001,token units,
boundary,weighted_reference,2,equal,surplus_first,gas_min,92954,gas,
boundary,weighted_reference,2,equal,surplus_first,gas_max,92954,gas,
boundary,weighted_reference,2,equal,surplus_first,from_surplus,1,token units,
boundary,weighted_reference,5,equal,surplus_first,amount_min,99998000001,token units,
boundary,weighted_reference,5,equal,surplus_first,amount_max,99998000001,token units,
boundary,weighted_reference,5,equal,surplus_first,gas_min,100415,gas,
boundary,weighted_reference,5,equal,surplus_first,gas_max,100415,gas,
boundary,weighted_reference,5,equal,surplus_first,from_surplus,1,token units,
boundary,weighted_reference,10,equal,surplus_first,amount_min,49998000001,token units,
boundary,weighted_reference,10,equal,surplus_first,amount_max,49998000001,token units,
boundary,weighted_reference,10,equal,surplus_first,gas_min,112850,gas,
boundary,weighted_reference,10,equal,surplus_first,gas_max,112850,gas,
boundary,weighted_reference,10,equal,surplus_first,from_surplus,1,token units,
boundary,weighted_reference,20,equal,surplus_first,amount_min,24998000001,token units,
boundary,weighted_reference,20,equal,surplus_first,amount_max,24998000001,token units,
boundary,weighted_reference,20,equal,surplus_first,gas_min,137720,gas,
boundary,weighted_reference,20,equal,surplus_first,gas_max,137720,gas,
boundary,weighted_reference,20,equal,surplus_first,from_surplus,1,token units,
boundary,weighted_reference,50,equal,surplus_first,amount_min,9998000001,token units,
boundary,weighted_reference,50,equal,surplus_first,amount_max,9998000001,token units,
boundary,weighted_reference,50,equal,surplus_first,gas_min,212330,gas,
boundary,weighted_reference,50,equal,surplus_first,gas_max,212330,gas,
boundary,weighted_reference,50,equal,surplus_first,from_surplus,1,token units,
boundary,weighted_reference,2,mild_skew,surplus_first,amount_min,333331333334,token units,
boundary,weighted_reference,2,mild_skew,surplus_first,amount_max,333331333334,token units,
boundary,weighted_reference,2,mild_skew,surplus_first,gas_min,92954,gas,
boundary,weighted_reference,2,mild_skew,surplus_first,gas_max,92954,gas,
boundary,weighted_reference,2,mild_skew,surplus_first,from_surplus,1,token units,
boundary,weighted_reference,5,mild_skew,surplus_first,amount_min,71426571429,token units,
boundary,weighted_reference,5,mild_skew,surplus_first,amount_max,71426571429,token units,
boundary,weighted_reference,5,mild_skew,surplus_first,gas_min,100415,gas,
boundary,weighted_reference,5,mild_skew,surplus_first,gas_max,100415,gas,
boundary,weighted_reference,5,mild_skew,surplus_first,from_surplus,1,token units,
boundary,weighted_reference,10,mild_skew,surplus_first,amount_min,66664666668,token units,
boundary,weighted_reference,10,mild_skew,surplus_first,amount_max,66664666668,token units,
boundary,weighted_reference,10,mild_skew,surplus_first,gas_min,112850,gas,
boundary,weighted_reference,10,mild_skew,surplus_first,gas_max,112850,gas,
boundary,weighted_reference,10,mild_skew,surplus_first,from_surplus,1,token units,
boundary,weighted_reference,20,mild_skew,surplus_first,amount_min,33331333334,token units,
boundary,weighted_reference,20,mild_skew,surplus_first,amount_max,33331333334,token units,
boundary,weighted_reference,20,mild_skew,surplus_first,gas_min,137720,gas,
boundary,weighted_reference,20,mild_skew,surplus_first,gas_max,137720,gas,
boundary,weighted_reference,20,mild_skew,surplus_first,from_surplus,1,token units,
boundary,weighted_reference,50,mild_skew,surplus_first,amount_min,13331333334,token units,
boundary,weighted_reference,50,mild_skew,surplus_first,amount_max,13331333334,token units,
boundary,weighted_reference,50,mild_skew,surplus_first,gas_min,212318,gas,
boundary,weighted_reference,50,mild_skew,surplus_first,gas_max,212318,gas,
boundary,weighted_reference,50,mild_skew,surplus_first,from_surplus,1,token units,
boundary,weighted_reference,2,high_skew,surplus_first,amount_min,333331333334,token units,
boundary,weighted_reference,2,high_skew,surplus_first,amount_max,333331333334,token units,
boundary,weighted_reference,2,high_skew,surplus_first,gas_min,92954,gas,
boundary,weighted_reference,2,high_skew,surplus_first,gas_max,92954,gas,
boundary,weighted_reference,2,high_skew,surplus_first,from_surplus,1,token units,
boundary,weighted_reference,5,high_skew,surplus_first,amount_min,166664666668,token units,
boundary,weighted_reference,5,high_skew,surplus_first,amount_max,166664666668,token units,
boundary,weighted_reference,5,high_skew,surplus_first,gas_min,100415,gas,
boundary,weighted_reference,5,high_skew,surplus_first,gas_max,100415,gas,
boundary,weighted_reference,5,high_skew,surplus_first,from_surplus,1,token units,
boundary,weighted_reference,10,high_skew,surplus_first,amount_min,90907090910,token units,
boundary,weighted_reference,10,high_skew,surplus_first,amount_max,90907090910,token units,
boundary,weighted_reference,10,high_skew,surplus_first,gas_min,112850,gas,
boundary,weighted_reference,10,high_skew,surplus_first,gas_max,112850,gas,
boundary,weighted_reference,10,high_skew,surplus_first,from_surplus,1,token units,
boundary,weighted_reference,20,high_skew,surplus_first,amount_min,47617047620,token units,
boundary,weighted_reference,20,high_skew,surplus_first,amount_max,47617047620,token units,
boundary,weighted_reference,20,high_skew,surplus_first,gas_min,137720,gas,
boundary,weighted_reference,20,high_skew,surplus_first,gas_max,137720,gas,
boundary,weighted_reference,20,high_skew,surplus_first,from_surplus,1,token units,
boundary,weighted_reference,50,high_skew,surplus_first,amount_min,19605843138,token units,
boundary,weighted_reference,50,high_skew,surplus_first,amount_max,19605843138,token units,
boundary,weighted_reference,50,high_skew,surplus_first,gas_min,212330,gas,
boundary,weighted_reference,50,high_skew,surplus_first,gas_max,212330,gas,
boundary,weighted_reference,50,high_skew,surplus_first,from_surplus,1,token units,
boundary,weighted_reference,2,dominant,surplus_first,amount_min,497510437812,token units,
boundary,weighted_reference,2,dominant,surplus_first,amount_max,497510437812,token units,
boundary,weighted_reference,2,dominant,surplus_first,gas_min,92954,gas,
boundary,weighted_reference,2,dominant,surplus_first,gas_max,92954,gas,
boundary,weighted_reference,2,dominant,surplus_first,from_surplus,1,token units,
boundary,weighted_reference,5,dominant,surplus_first,amount_min,496029746033,token units,
boundary,weighted_reference,5,dominant,surplus_first,amount_max,496029746033,token units,
boundary,weighted_reference,5,dominant,surplus_first,gas_min,100415,gas,
boundary,weighted_reference,5,dominant,surplus_first,gas_max,100415,gas,
boundary,weighted_reference,5,dominant,surplus_first,from_surplus,1,token units,
boundary,weighted_reference,10,dominant,surplus_first,amount_min,495538138752,token units,
boundary,weighted_reference,10,dominant,surplus_first,amount_max,495538138752,token units,
boundary,weighted_reference,10,dominant,surplus_first,gas_min,112850,gas,
boundary,weighted_reference,10,dominant,surplus_first,gas_max,112850,gas,
boundary,weighted_reference,10,dominant,surplus_first,from_surplus,1,token units,
boundary,weighted_reference,20,dominant,surplus_first,amount_min,495292700348,token units,
boundary,weighted_reference,20,dominant,surplus_first,amount_max,495292700348,token units,
boundary,weighted_reference,20,dominant,surplus_first,gas_min,137720,gas,
boundary,weighted_reference,20,dominant,surplus_first,gas_max,137720,gas,
boundary,weighted_reference,20,dominant,surplus_first,from_surplus,1,token units,
boundary,weighted_reference,50,dominant,surplus_first,amount_min,495145553972,token units,
boundary,weighted_reference,50,dominant,surplus_first,amount_max,495145553972,token units,
boundary,weighted_reference,50,dominant,surplus_first,gas_min,212330,gas,
boundary,weighted_reference,50,dominant,surplus_first,gas_max,212330,gas,
boundary,weighted_reference,50,dominant,surplus_first,from_surplus,1,token units,
boundary,weighted_optimized,all,all,surplus_first,spread_pct,0.016768113754883716,%,matrix mean
hypothesis,,,,,H1,SUPPORTED,verdict,
hypothesis,,,,,H2,PARTIALLY SUPPORTED,verdict,
hypothesis,,,,,H3,SUPPORTED,verdict,
hypothesis,,,,,H4,SUPPORTED,verdict,
hypothesis,,,,,H5,SUPPORTED,verdict,
baseline_sanity,baseline,2,equal,deploy,difference_vs_frozen,0,gas,
baseline_sanity,baseline,2,equal,reservation_only_first,difference_vs_frozen,0,gas,
baseline_sanity,baseline,2,equal,reservation_only_repeat,difference_vs_frozen,0,gas,
baseline_sanity,baseline,2,equal,surplus_repeat,difference_vs_frozen,0,gas,
baseline_sanity,baseline,5,equal,deploy,difference_vs_frozen,0,gas,
baseline_sanity,baseline,5,equal,reservation_only_first,difference_vs_frozen,0,gas,
baseline_sanity,baseline,5,equal,reservation_only_repeat,difference_vs_frozen,0,gas,
baseline_sanity,baseline,10,equal,deploy,difference_vs_frozen,0,gas,
baseline_sanity,baseline,10,equal,reservation_only_first,difference_vs_frozen,0,gas,
baseline_sanity,baseline,10,equal,reservation_only_repeat,difference_vs_frozen,0,gas,
baseline_sanity,baseline,10,equal,surplus_repeat,difference_vs_frozen,0,gas,
baseline_sanity,baseline,20,equal,deploy,difference_vs_frozen,0,gas,
baseline_sanity,baseline,20,equal,reservation_only_first,difference_vs_frozen,0,gas,
baseline_sanity,baseline,20,equal,reservation_only_repeat,difference_vs_frozen,0,gas,
baseline_sanity,baseline,50,equal,deploy,difference_vs_frozen,0,gas,
baseline_sanity,baseline,50,equal,reservation_only_first,difference_vs_frozen,0,gas,
baseline_sanity,baseline,50,equal,reservation_only_repeat,difference_vs_frozen,0,gas,
