implementation,n,profile,weights,rho,budget,window_s,reservation,contract_address,event,path,payer_idx,ordinal,amount,from_surplus,window_id,gas_used,tx_hash,block_number,block_gas_limit,raised_local_limit
baseline,2,equal,"[1,1]",1/2,1000000000000,86400,250000000000,0x9fe46736679d2d9a65f0992f2272de9f3c7fa6e0,deploy,deploy,,,,,,800128,0x47be1e87e4ebbf9c80753f2e258e241a58e21dfa00cce7d2d4cd7829616d0f0b,3,30000000,False
baseline,2,equal,"[1,1]",1/2,1000000000000,86400,250000000000,0x9fe46736679d2d9a65f0992f2272de9f3c7fa6e0,pay,reservation_only_first,1,1,1000000,0,0,47123,0x0b5c9f3a5a226ad3d77a35553ac2014aa1a3e0dfd672c26150c764669ecbca8d,5,30000000,False
baseline,2,equal,"[1,1]",1/2,1000000000000,86400,250000000000,0x9fe46736679d2d9a65f0992f2272de9f3c7fa6e0,pay,reservation_only_repeat,1,2,1000000,0,0,47123,0xcc348b587254dff72289d03a08e753831fbee47d10d87b51d2bb7e5180650c2e,6,30000000,False
baseline,2,equal,"[1,1]",1/2,1000000000000,86400,250000000000,0x9fe46736679d2d9a65f0992f2272de9f3c7fa6e0,pay,surplus_first,1,3,249998000001,1,0,69823,0x204e47ce27ed56664674efd5bf7a9f017c6d0c5abb69f2d138440cbbc095dfde,7,30000000,False
baseline,2,equal,"[1,1]",1/2,1000000000000,86400,250000000000,0x9fe46736679d2d9a65f0992f2272de9f3c7fa6e0,pay,surplus_repeat,1,4,1000000,1000000,0,52637,0x0336a740a69dec7ca54300525911a0a31e58857d87be8cd0dc0e909fb74fd094,8,30000000,False
weighted_optimized,2,equal,"[1,1]",1/2,1000000000000,86400,250000000000,0xdc64a140aa3e981100a9beca4e685f962f0cf6c9,deploy,deploy,,,,,,842134,0xaa4e6b2d459569692c680ebd0a26c8ffe1fe85766dcc6829b86a0bcf88816e3d,9,30000000,False
weighted_optimized,2,equal,"[1,1]",1/2,1000000000000,86400,250000000000,0xdc64a140aa3e981100a9beca4e685f962f0cf6c9,pay,reservation_only_first,1,1,1000000,0,0,48865,0xe927651f34fc11165641734825ae63796835575fa203439f188cde1333fe44c1,11,30000000,False
weighted_optimized,2,equal,"[1,1]",1/2,1000000000000,86400,250000000000,0xdc64a140aa3e981100a9beca4e685f962f0cf6c9,pay,reservation_only_repeat,1,2,1000000,0,0,48865,0x0c4bfc792de95439bb6fed48270acaa195633a5c338e97a048649670c3b50ade,12,30000000,False
weighted_optimized,2,equal,"[1,1]",1/2,1000000000000,86400,250000000000,0xdc64a140aa3e981100a9beca4e685f962f0cf6c9,pay,surplus_first,1,3,249998000001,1,0,71565,0x3135d996d1020a754d931ba06b520e80a47109f0f12c743c58736f39cc7a31ff,13,30000000,False
weighted_optimized,2,equal,"[1,1]",1/2,1000000000000,86400,250000000000,0xdc64a140aa3e981100a9beca4e685f962f0cf6c9,pay,surplus_repeat,1,4,1000000,1000000,0,54379,0x82f6f6c8a4e583830185d948769346952a113e78377476d0e0cd97207e02f023,14,30000000,False
weighted_reference,2,equal,"[1,1]",1/2,1000000000000,86400,250000000000,0x0165878a594ca255338adfa4d48449f69242eb8f,deploy,deploy,,,,,,857973,0xceece8d62bda84457571c7113cf82faa7d41b535232719293a93dc3928d0e7b1,15,30000000,False
weighted_reference,2,equal,"[1,1]",1/2,1000000000000,86400,250000000000,0x0165878a594ca255338adfa4d48449f69242eb8f,pay,reservation_only_first,1,1,1000000,0,0,90068,0x7ca5f7927a3aefd4fee708367becad2601f6bc4a1ecbc43d58fe1f279b8d49ee,17,30000000,False
weighted_reference,2,equal,"[1,1]",1/2,1000000000000,86400,250000000000,0x0165878a594ca255338adfa4d48449f69242eb8f,pay,reservation_only_repeat,1,2,1000000,0,0,74295,0x8264880b2b19e8753da67474c7e6cdd8b3420f161c79809677e87291bea3caf8,18,30000000,False
weighted_reference,2,equal,"[1,1]",1/2,1000000000000,86400,250000000000,0x0165878a594ca255338adfa4d48449f69242eb8f,pay,surplus_first,1,3,249998000001,1,0,92954,0xf2a32936552dde1f2a8a3cd8775033fa661486de941e1151273fc6a380326b11,19,30000000,False
weighted_reference,2,equal,"[1,1]",1/2,1000000000000,86400,250000000000,0x0165878a594ca255338adfa4d48449f69242eb8f,pay,surplus_repeat,1,4,1000000,1000000,0,76634,0x2a9d20048767e724d5db858a3ffc9db0eb345aadfc549c0f514bedd743674013,20,30000000,False
weighted_optimized,2,mild_skew,"[1,2]",1/2,1000000000000,86400,333333333333,0x2279b7a0a67db372996a5fab50d91eaa73d2ebe6,deploy,deploy,,,,,,842108,0x01c825af9f9fe54bb028ab2e33955fe427f9fd9a59e2d036cdd3a7b5a4a4da38,21,30000000,False
weighted_optimized,2,mild_skew,"[1,2]",1/2,1000000000000,86400,333333333333,0x2279b7a0a67db372996a5fab50d91eaa73d2ebe6,pay,reservation_only_first,1,1,1000000,0,0,48865,0x5e09adede593c4bf2c955885f92d50f40fe9596186a32cb99a3ff782243b2463,23,30000000,False
weighted_optimized,2,mild_skew,"[1,2]",1/2,1000000000000,86400,333333333333,0x2279b7a0a67db372996a5fab50d91eaa73d2ebe6,pay,reservation_only_repeat,1,2,1000000,0,0,48865,0xdc853fba7cbe0c7bf7d79fed4bdd735e18e64e8c75613b61931dc10a76a5cc5c,24,30000000,False
weighted_optimized,2,mild_skew,"[1,2]",1/2,1000000000000,86400,333333333333,0x2279b7a0a67db372996a5fab50d91eaa73d2ebe6,pay,surplus_first,1,3,333331333334,1,0,71565,0xb2ad74b46b61ba4d0b2a25e2ad69ac22e24e30fe1343978cdc734805c2059164,25,30000000,False
weighted_optimized,2,mild_skew,"[1,2]",1/2,1000000000000,86400,333333333333,0x2279b7a0a67db372996a5fab50d91eaa73d2ebe6,pay,surplus_repeat,1,4,1000000,1000000,0,54379,0xcf616fdb56614454c8383363b712e434471568a86eb38591875ad134a76a9cb4,26,30000000,False
weighted_reference,2,mild_skew,"[1,2]",1/2,1000000000000,86400,333333333333,0x610178da211fef7d417bc0e6fed39f05609ad788,deploy,deploy,,,,,,859051,0x66da74f32f9aff018c2d175538e95dcb89ea2fcef9145ca3c244d00e8fedefd4,27,30000000,False
weighted_reference,2,mild_skew,"[1,2]",1/2,1000000000000,86400,333333333333,0x610178da211fef7d417bc0e6fed39f05609ad788,pay,reservation_only_first,1,1,1000000,0,0,90068,0x20aa71b4a4744c04f19a4790abb2e63f6407f4207fe47200feb787a94e8545b4,29,30000000,False
weighted_reference,2,mild_skew,"[1,2]",1/2,1000000000000,86400,333333333333,0x610178da211fef7d417bc0e6fed39f05609ad788,pay,reservation_only_repeat,1,2,1000000,0,0,74295,0xc8805fe0ff5d63d18d5d91a70d34d93cbbcf90094d28215d21b364264396e39c,30,30000000,False
weighted_reference,2,mild_skew,"[1,2]",1/2,1000000000000,86400,333333333333,0x610178da211fef7d417bc0e6fed39f05609ad788,pay,surplus_first,1,3,333331333334,1,0,92954,0x9eaf8e3d5a4cee90df5f818bf301722c49a2e34315f98e87fe172bc2dd533bf8,31,30000000,False
weighted_reference,2,mild_skew,"[1,2]",1/2,1000000000000,86400,333333333333,0x610178da211fef7d417bc0e6fed39f05609ad788,pay,surplus_repeat,1,4,1000000,1000000,0,76634,0xe6bceb2a696fc3773c0f73a0b070dfeabf179898157436dc41bd6afdd436869e,32,30000000,False
weighted_optimized,2,high_skew,"[1,2]",1/2,1000000000000,86400,333333333333,0xa51c1fc2f0d1a1b8494ed1fe312d7c3a78ed91c0,deploy,deploy,,,,,,842108,0xfe6d8fc5a3ae8759f8fe003fa5720c50e2b86d5f4444c5a89a74fd6b37478b88,33,30000000,False
weighted_optimized,2,high_skew,"[1,2]",1/2,1000000000000,86400,333333333333,0xa51c1fc2f0d1a1b8494ed1fe312d7c3a78ed91c0,pay,reservation_only_first,1,1,1000000,0,0,48865,0xa0a248ca6a862d67994bfb0bb5122536fb4a19f009bc08b76adc63d39eb89a21,35,30000000,False
weighted_optimized,2,high_skew,"[1,2]",1/2,1000000000000,86400,333333333333,0xa51c1fc2f0d1a1b8494ed1fe312d7c3a78ed91c0,pay,reservation_only_repeat,1,2,1000000,0,0,48865,0xdfe6253b1739e8586c49bf20c58ba6164a0771897dfafaace26f27926abf007c,36,30000000,False
weighted_optimized,2,high_skew,"[1,2]",1/2,1000000000000,86400,333333333333,0xa51c1fc2f0d1a1b8494ed1fe312d7c3a78ed91c0,pay,surplus_first,1,3,333331333334,1,0,71565,0x4b027562867e4d41e3b3b766d0fe64331cc6db0ac61a58b41c8d19ab118e752c,37,30000000,False
weighted_optimized,2,high_skew,"[1,2]",1/2,1000000000000,86400,333333333333,0xa51c1fc2f0d1a1b8494ed1fe312d7c3a78ed91c0,pay,surplus_repeat,1,4,1000000,1000000,0,54379,0x6bf2dc2ed6f4086853984dd728b0c579f75bb603492ee59e7ad7ca571f70805a,38,30000000,False
weighted_reference,2,high_skew,"[1,2]",1/2,1000000000000,86400,333333333333,0x9a676e781a523b5d0c0e43731313a708cb607508,deploy,deploy,,,,,,859051,0xefd6769390115a634561f1938907b1a1dda34171e874773919b9151685f86b93,39,30000000,False
weighted_reference,2,high_skew,"[1,2]",1/2,1000000000000,86400,333333333333,0x9a676e781a523b5d0c0e43731313a708cb607508,pay,reservation_only_first,1,1,1000000,0,0,90068,0x06ef39e0a9faec340aff481e45fe08beacee54fc324ba1f0687cba3efb7b8739,41,30000000,False
weighted_reference,2,high_skew,"[1,2]",1/2,1000000000000,86400,333333333333,0x9a676e781a523b5d0c0e43731313a708cb607508,pay,reservation_only_repeat,1,2,1000000,0,0,74295,0xb0c930e6b26e89d69174d8d159098a65539583d5a7897cb474bc9d6fa84ff5aa,42,30000000,False
weighted_reference,2,high_skew,"[1,2]",1/2,1000000000000,86400,333333333333,0x9a676e781a523b5d0c0e43731313a708cb607508,pay,surplus_first,1,3,333331333334,1,0,92954,0x54113c6ead42663dad4fcdf8e4101581ae6ee95b5fc9cc21f9a05509b372d858,43,30000000,False
weighted_reference,2,high_skew,"[1,2]",1/2,1000000000000,86400,333333333333,0x9a676e781a523b5d0c0e43731313a708cb607508,pay,surplus_repeat,1,4,1000000,1000000,0,76634,0x6613c2d6561587aafa2b13b8352b66db9e3f84918fab9ebad52d8f82eec2a879,44,30000000,False
weighted_optimized,2,dominant,"[1,200]",1/2,1000000000000,86400,497512437811,0x959922be3caee4b8cd9a407cc3ac1c251c2007b1,deploy,deploy,,,,,,842108,0x598d6b8b042a0651b1841e11c10c804302159b6740f1863b3fb6c45a99d88835,45,30000000,False
weighted_optimized,2,dominant,"[1,200]",1/2,1000000000000,86400,497512437811,0x959922be3caee4b8cd9a407cc3ac1c251c2007b1,pay,reservation_only_first,1,1,1000000,0,0,48865,0xe3f35be4e6e786a9efdfa3835de9beb6857c3493b20ba69c21ed5e85d17116ed,47,30000000,False
weighted_optimized,2,dominant,"[1,200]",1/2,1000000000000,86400,497512437811,0x959922be3caee4b8cd9a407cc3ac1c251c2007b1,pay,reservation_only_repeat,1,2,1000000,0,0,48865,0x462022d2b60b1bcb80d692a5aea882ac6af9f3d587b65eb941408a6a6426ea67,48,30000000,False
weighted_optimized,2,dominant,"[1,200]",1/2,1000000000000,86400,497512437811,0x959922be3caee4b8cd9a407cc3ac1c251c2007b1,pay,surplus_first,1,3,497510437812,1,0,71565,0x0e690f9464d7ac79a0b495d69e2a531d73b9adc143f3e86ff7386391620083df,49,30000000,False
weighted_optimized,2,dominant,"[1,200]",1/2,1000000000000,86400,497512437811,0x959922be3caee4b8cd9a407cc3ac1c251c2007b1,pay,surplus_repeat,1,4,1000000,1000000,0,54379,0xd9a4ff7048deb0f153144b2795ec0bd46b04bda661c8d0a831730a41c924a6aa,50,30000000,False
weighted_reference,2,dominant,"[1,200]",1/2,1000000000000,86400,497512437811,0x68b1d87f95878fe05b998f19b66f4baba5de1aed,deploy,deploy,,,,,,859059,0xfcfacbe9a72cd2ad016975886f1efc9c101c5045efdee2bd777d7b5b1dc7636b,51,30000000,False
weighted_reference,2,dominant,"[1,200]",1/2,1000000000000,86400,497512437811,0x68b1d87f95878fe05b998f19b66f4baba5de1aed,pay,reservation_only_first,1,1,1000000,0,0,90068,0x88927994d44c30cfc44803222429bfb063e3dccbaf5f7a63bc4b929ef1fdf593,53,30000000,False
weighted_reference,2,dominant,"[1,200]",1/2,1000000000000,86400,497512437811,0x68b1d87f95878fe05b998f19b66f4baba5de1aed,pay,reservation_only_repeat,1,2,1000000,0,0,74295,0xce2f200525d3880bb5b5b993f9219107de310dd81427ff87b238489cb4cf7665,54,30000000,False
weighted_reference,2,dominant,"[1,200]",1/2,1000000000000,86400,497512437811,0x68b1d87f95878fe05b998f19b66f4baba5de1aed,pay,surplus_first,1,3,497510437812,1,0,92954,0xe2ca907cbe51bd6b850ccf29753ecde2f11adacdeeab75f7325e93055733a65d,55,30000000,False
weighted_reference,2,dominant,"[1,200]",1/2,1000000000000,86400,497512437811,0x68b1d87f95878fe05b998f19b66f4baba5de1aed,pay,surplus_repeat,1,4,1000000,1000000,0,76634,0xafcb2133f470b413746a9ba2ecbdb2285fed7a64ffa14554bb42545c790f90ae,56,30000000,False
baseline,5,equal,"[1,1,1,1,1]",1/2,1000000000000,86400,100000000000,0xc6e7df5e7b4f2a278906862b61205850344d4e7d,deploy,deploy,,,,,,875002,0x4462d5245f327fac6a560bb02cde5529514a693ef9e9776a4aaf4125710f1cb4,57,30000000,False
baseline,5,equal,"[1,1,1,1,1]",1/2,1000000000000,86400,100000000000,0xc6e7df5e7b4f2a278906862b61205850344d4e7d,pay,reservation_only_first,4,1,1000000,0,0,47123,0x85a4ef018effb9aab52458dfeab91ba1009821ecd94d27744804a5c7177ec850,59,30000000,False
baseline,5,equal,"[1,1,1,1,1]",1/2,1000000000000,86400,100000000000,0xc6e7df5e7b4f2a278906862b61205850344d4e7d,pay,reservation_only_repeat,4,2,1000000,0,0,47123,0xaff5b6a27a63729e95a5166c41b6946bc425dcdf2433d025b0bd18bc380611a8,60,30000000,False
baseline,5,equal,"[1,1,1,1,1]",1/2,1000000000000,86400,100000000000,0xc6e7df5e7b4f2a278906862b61205850344d4e7d,pay,surplus_first,4,3,99998000001,1,0,69823,0xe4d31964383ff8b476264232ce968ad60cbf7da19082d77deb81cc936c260d43,61,30000000,False
baseline,5,equal,"[1,1,1,1,1]",1/2,1000000000000,86400,100000000000,0xc6e7df5e7b4f2a278906862b61205850344d4e7d,pay,surplus_repeat,4,4,1000000,1000000,0,52637,0x560768050fdd906917668367f3cae58b4e09e57d3609a71034b4b2007fe9093e,62,30000000,False
weighted_optimized,5,equal,"[1,1,1,1,1]",1/2,1000000000000,86400,100000000000,0x4ed7c70f96b99c776995fb64377f0d4ab3b0e1c1,deploy,deploy,,,,,,995335,0xfaa071a01de9b3243b9dff683f771391f3de8985f66e0a46f4ea1ed6761e16d3,63,30000000,False
weighted_optimized,5,equal,"[1,1,1,1,1]",1/2,1000000000000,86400,100000000000,0x4ed7c70f96b99c776995fb64377f0d4ab3b0e1c1,pay,reservation_only_first,4,1,1000000,0,0,48865,0x3351d214c9937d7d21498d2205747a7c54fdc51c13f82823f85f96df27dd5a03,65,30000000,False
weighted_optimized,5,equal,"[1,1,1,1,1]",1/2,1000000000000,86400,100000000000,0x4ed7c70f96b99c776995fb64377f0d4ab3b0e1c1,pay,reservation_only_repeat,4,2,1000000,0,0,48865,0x747e75d89ba6b166d2b29854f73e6e963cb71c4d521bdf6b1d8d1ed7bc007e3a,66,30000000,False
weighted_optimized,5,equal,"[1,1,1,1,1]",1/2,1000000000000,86400,100000000000,0x4ed7c70f96b99c776995fb64377f0d4ab3b0e1c1,pay,surplus_first,4,3,99998000001,1,0,71565,0x5e85880f311eadf5bc9a4fae5862d41ebed2041bab41f500e02e46839acb8833,67,30000000,False
weighted_optimized,5,equal,"[1,1,1,1,1]",1/2,1000000000000,86400,100000000000,0x4ed7c70f96b99c776995fb64377f0d4ab3b0e1c1,pay,surplus_repeat,4,4,1000000,1000000,0,54379,0x1bf77afc13e0d5fbef4631c75bd76b7fa73d22ecfb397e66e4d4caabe56b7c6a,68,30000000,False
weighted_reference,5,equal,"[1,1,1,1,1]",1/2,1000000000000,86400,100000000000,0xa85233c63b9ee964add6f2cffe00fd84eb32338f,deploy,deploy,,,,,,1008981,0x72dab03b37c2213acceffbfdf5f5d7d82a4b1c605e7072bea451e384528add18,69,30000000,False
weighted_reference,5,equal,"[1,1,1,1,1]",1/2,1000000000000,86400,100000000000,0xa85233c63b9ee964add6f2cffe00fd84eb32338f,pay,reservation_only_first,4,1,1000000,0,0,97529,0xbcbc16df599f6615b447b905f7d0fb2fb92cab3c34e8b586c0c7ecb1e8f61ee2,71,30000000,False
weighted_reference,5,equal,"[1,1,1,1,1]",1/2,1000000000000,86400,100000000000,0xa85233c63b9ee964add6f2cffe00fd84eb32338f,pay,reservation_only_repeat,4,2,1000000,0,0,80429,0xa317354b2b9c7969c819f07669d87fe86d99f6357515fa35b6035641dabad587,72,30000000,False
weighted_reference,5,equal,"[1,1,1,1,1]",1/2,1000000000000,86400,100000000000,0xa85233c63b9ee964add6f2cffe00fd84eb32338f,pay,surplus_first,4,3,99998000001,1,0,100415,0x7059f75c22397c43d41a6cc1ab8e289a2ec9228be522abbb9fddb772851b2311,73,30000000,False
weighted_reference,5,equal,"[1,1,1,1,1]",1/2,1000000000000,86400,100000000000,0xa85233c63b9ee964add6f2cffe00fd84eb32338f,pay,surplus_repeat,4,4,1000000,1000000,0,83353,0xcc67bd98ec2eb17d7c465881dc012e2a37423605e20c21d6fdbfccde998257fc,74,30000000,False
weighted_optimized,5,mild_skew,"[1,2,1,2,1]",1/2,1000000000000,86400,71428571428,0x7a2088a1bfc9d81c55368ae168c2c02570cb814f,deploy,deploy,,,,,,994683,0x170e3f3fdd7d76c921991b0cf3c6ddb9d84adc1510edf939016e6d363e2c4ad5,75,30000000,False
weighted_optimized,5,mild_skew,"[1,2,1,2,1]",1/2,1000000000000,86400,71428571428,0x7a2088a1bfc9d81c55368ae168c2c02570cb814f,pay,reservation_only_first,4,1,1000000,0,0,48865,0x0a1a8ecb6900366cddb41175156d7bfdc0674e070a28a98daf66ab388f5b7e08,77,30000000,False
weighted_optimized,5,mild_skew,"[1,2,1,2,1]",1/2,1000000000000,86400,71428571428,0x7a2088a1bfc9d81c55368ae168c2c02570cb814f,pay,reservation_only_repeat,4,2,1000000,0,0,48865,0x7b4f899886a573a01d39208be381963d72e96331bd781803245ebcf7d45e19ec,78,30000000,False
weighted_optimized,5,mild_skew,"[1,2,1,2,1]",1/2,1000000000000,86400,71428571428,0x7a2088a1bfc9d81c55368ae168c2c02570cb814f,pay,surplus_first,4,3,71426571429,1,0,71565,0x9e0f985f7762a02457db98494a29371b1531972379f1bbd153458ea2b2fee9a9,79,30000000,False
weighted_optimized,5,mild_skew,"[1,2,1,2,1]",1/2,1000000000000,86400,71428571428,0x7a2088a1bfc9d81c55368ae168c2c02570cb814f,pay,surplus_repeat,4,4,1000000,1000000,0,54379,0xf6fa2b7b2d30d23cc83d6805bbc770fc24590e0b98964923abd2d96ca24426f9,80,30000000,False
weighted_reference,5,mild_skew,"[1,2,1,2,1]",1/2,1000000000000,86400,71428571428,0xc5a5c42992decbae36851359345fe25997f5c42d,deploy,deploy,,,,,,1012668,0x6d2e2406103fae45c4eacdca0aef820485e89ad12b260e17a0ef11d0282208ef,81,30000000,False
weighted_reference,5,mild_skew,"[1,2,1,2,1]",1/2,1000000000000,86400,71428571428,0xc5a5c42992decbae36851359345fe25997f5c42d,pay,reservation_only_first,4,1,1000000,0,0,97529,0x52282b3579f186f304a445c4562e77fd6615f8ee9ca16ff922343417901e20a6,83,30000000,False
weighted_reference,5,mild_skew,"[1,2,1,2,1]",1/2,1000000000000,86400,71428571428,0xc5a5c42992decbae36851359345fe25997f5c42d,pay,reservation_only_repeat,4,2,1000000,0,0,80429,0x725608e7c3e74918b59341c71791640549cb2f87367e8c06ff29a8c503ae1153,84,30000000,False
weighted_reference,5,mild_skew,"[1,2,1,2,1]",1/2,1000000000000,86400,71428571428,0xc5a5c42992decbae36851359345fe25997f5c42d,pay,surplus_first,4,3,71426571429,1,0,100415,0x39cc5b8551cc571546b5255b6cd48ad407f900a6432aa8d00c33123cf8661b66,85,30000000,False
weighted_reference,5,mild_skew,"[1,2,1,2,1]",1/2,1000000000000,86400,71428571428,0xc5a5c42992decbae36851359345fe25997f5c42d,pay,surplus_repeat,4,4,1000000,1000000,0,83353,0x4ae45460970eb7071bebb9ea4a4e9a1d21b796642d4d3345827b922386c3d144,86,30000000,False
weighted_optimized,5,high_skew,"[1,2,3,4,5]",1/2,1000000000000,86400,166666666667,0xe6e340d132b5f46d1e472debcd681b2abc16e57e,deploy,deploy,,,,,,994383,0x59f7b480e758a01c3fa84ed0b947d9d35ca36e701db5c1779d8e908ca3691147,87,30000000,False
weighted_optimized,5,high_skew,"[1,2,3,4,5]",1/2,1000000000000,86400,166666666667,0xe6e340d132b5f46d1e472debcd681b2abc16e57e,pay,reservation_only_first,4,1,1000000,0,0,48865,0x2207e4288475bdb5dd0f30c6e11e45762022153bddfd1a0cb521de0f4f8ee63e,89,30000000,False
weighted_optimized,5,high_skew,"[1,2,3,4,5]",1/2,1000000000000,86400,166666666667,0xe6e340d132b5f46d1e472debcd681b2abc16e57e,pay,reservation_only_repeat,4,2,1000000,0,0,48865,0x7748d0a68966ba855390c60009f314c5472198d7afdf541bda7988bfd6791c82,90,30000000,False
weighted_optimized,5,high_skew,"[1,2,3,4,5]",1/2,1000000000000,86400,166666666667,0xe6e340d132b5f46d1e472debcd681b2abc16e57e,pay,surplus_first,4,3,166664666668,1,0,71565,0xc95c440dfbcf389b17701dafed7b63b82be86eba7d768f8e2eed5379942884a3,91,30000000,False
weighted_optimized,5,high_skew,"[1,2,3,4,5]",1/2,1000000000000,86400,166666666667,0xe6e340d132b5f46d1e472debcd681b2abc16e57e,pay,surplus_repeat,4,4,1000000,1000000,0,54379,0x98305041786701b115b622c3a879386a08e7139ebd5b41b55c684d2dd2bbf365,92,30000000,False
weighted_reference,5,high_skew,"[1,2,3,4,5]",1/2,1000000000000,86400,166666666667,0x84ea74d481ee0a5332c457a4d796187f6ba67feb,deploy,deploy,,,,,,1012676,0xea211019f83639b842ff12ec33d05b39053f4adb5f7ffe9a97563b171fb79e7b,93,30000000,False
weighted_reference,5,high_skew,"[1,2,3,4,5]",1/2,1000000000000,86400,166666666667,0x84ea74d481ee0a5332c457a4d796187f6ba67feb,pay,reservation_only_first,4,1,1000000,0,0,97529,0x9be2868a481f70a7dc9d162be9e04feb75338948f601df52f496543795e0df6d,95,30000000,False
weighted_reference,5,high_skew,"[1,2,3,4,5]",1/2,1000000000000,86400,166666666667,0x84ea74d481ee0a5332c457a4d796187f6ba67feb,pay,reservation_only_repeat,4,2,1000000,0,0,80429,0xbf730ccb2a9c1fca9689b4eb690879de9991427c01350ceba88754b933e28f09,96,30000000,False
weighted_reference,5,high_skew,"[1,2,3,4,5]",1/2,1000000000000,86400,166666666667,0x84ea74d481ee0a5332c457a4d796187f6ba67feb,pay,surplus_first,4,3,166664666668,1,0,100415,0xfbe6385df238c8a7a476aedc2fdd38d4d55e7868c343238193dac7860dbf6520,97,30000000,False
weighted_reference,5,high_skew,"[1,2,3,4,5]",1/2,1000000000000,86400,166666666667,0x84ea74d481ee0a5332c457a4d796187f6ba67feb,pay,surplus_repeat,4,4,1000000,1000000,0,83353,0x1f8bd2fdf88895b50a0134e246144c2d01b7c9eda79ac820c1296db619809abf,98,30000000,False
weighted_optimized,5,dominant,"[1,1,1,1,500]",1/2,1000000000000,86400,496031746032,0xa82ff9afd8f496c3d6ac40e2a0f282e47488cfc9,deploy,deploy,,,,,,994871,0x400e4ed3133df2acf5c9c059d99e1c24e6e8cfa218d6d875239f4aae387d20db,99,30000000,False
weighted_optimized,5,dominant,"[1,1,1,1,500]",1/2,1000000000000,86400,496031746032,0xa82ff9afd8f496c3d6ac40e2a0f282e47488cfc9,pay,reservation_only_first,4,1,1000000,0,0,48865,0x997a54c73ca91ac758fa7ccb769751651e3487e736eb65443caf8186b69419a1,101,30000000,False
weighted_optimized,5,dominant,"[1,1,1,1,500]",1/2,1000000000000,86400,496031746032,0xa82ff9afd8f496c3d6ac40e2a0f282e47488cfc9,pay,reservation_only_repeat,4,2,1000000,0,0,48865,0xd818de158d78735a9537ec8b039f77d0cfa189ae53268f04f12f2c47c2733868,102,30000000,False
weighted_optimized,5,dominant,"[1,1,1,1,500]",1/2,1000000000000,86400,496031746032,0xa82ff9afd8f496c3d6ac40e2a0f282e47488cfc9,pay,surplus_first,4,3,496029746033,1,0,71565,0x5aa65825a6586383d4c085b1927d0c60eb0054d0c739261c8554834377e7e47d,103,30000000,False
weighted_optimized,5,dominant,"[1,1,1,1,500]",1/2,1000000000000,86400,496031746032,0xa82ff9afd8f496c3d6ac40e2a0f282e47488cfc9,pay,surplus_repeat,4,4,1000000,1000000,0,54379,0x050d17bfac6b1b71a1dd281b7a0dec1c8a31db281ef717747e249e05ebbb0953,104,30000000,False
weighted_reference,5,dominant,"[1,1,1,1,500]",1/2,1000000000000,86400,496031746032,0x851356ae760d987e095750cceb3bc6014560891c,deploy,deploy,,,,,,1010910,0xffe5635756dfbc0af679faf1e079f369f1c8cd0300c945ff8d6502d13e9f408e,105,30000000,False
weighted_reference,5,dominant,"[1,1,1,1,500]",1/2,1000000000000,86400,496031746032,0x851356ae760d987e095750cceb3bc6014560891c,pay,reservation_only_first,4,1,1000000,0,0,97529,0x809c838bfed0e9e3d8af84837aa121c382cd9e59c98cedbb1e88b102d8389234,107,30000000,False
weighted_reference,5,dominant,"[1,1,1,1,500]",1/2,1000000000000,86400,496031746032,0x851356ae760d987e095750cceb3bc6014560891c,pay,reservation_only_repeat,4,2,1000000,0,0,80429,0xeec7ef641db6f66d0a949a9e308ae18103389c43f2544b1498b3d4fcbbdbc4fb,108,30000000,False
weighted_reference,5,dominant,"[1,1,1,1,500]",1/2,1000000000000,86400,496031746032,0x851356ae760d987e095750cceb3bc6014560891c,pay,surplus_first,4,3,496029746033,1,0,100415,0xc70b802f056494668e0c383251dcb21f87ff735175af420c51f769b55584ed1f,109,30000000,False
weighted_reference,5,dominant,"[1,1,1,1,500]",1/2,1000000000000,86400,496031746032,0x851356ae760d987e095750cceb3bc6014560891c,pay,surplus_repeat,4,4,1000000,1000000,0,83353,0x79e52a7efb94d9008890a8d6378425282034646171e3b4be7490b82d44a0279f,110,30000000,False
baseline,10,equal,"[1,1,1,1,1,1,1,1,1,1]",1/2,1000000000000,86400,50000000000,0x95401dc811bb5740090279ba06cfa8fcf6113778,deploy,deploy,,,,,,999780,0xad85f22c5d882cf0e32c56c3da23d6a4a206de57c413d24633ad983cd22bb902,111,30000000,False
baseline,10,equal,"[1,1,1,1,1,1,1,1,1,1]",1/2,1000000000000,86400,50000000000,0x95401dc811bb5740090279ba06cfa8fcf6113778,pay,reservation_only_first,9,1,1000000,0,0,47123,0x8636c566463d5d246eea1d2ebf518eadf317090f3ec9aedd7061f35911296145,113,30000000,False
baseline,10,equal,"[1,1,1,1,1,1,1,1,1,1]",1/2,1000000000000,86400,50000000000,0x95401dc811bb5740090279ba06cfa8fcf6113778,pay,reservation_only_repeat,9,2,1000000,0,0,47123,0x6cc08fb88a68900219bec6fcfc0c4f64102d1d9e8a42ffb5ec79d2353f6ed187,114,30000000,False
baseline,10,equal,"[1,1,1,1,1,1,1,1,1,1]",1/2,1000000000000,86400,50000000000,0x95401dc811bb5740090279ba06cfa8fcf6113778,pay,surplus_first,9,3,49998000001,1,0,69823,0xb895228ebaf9d9805fabbae12925fde43754420b11b431567616ac7bdea8c85a,115,30000000,False
baseline,10,equal,"[1,1,1,1,1,1,1,1,1,1]",1/2,1000000000000,86400,50000000000,0x95401dc811bb5740090279ba06cfa8fcf6113778,pay,surplus_repeat,9,4,1000000,1000000,0,52637,0x3f04a6115a7758acb75504fa412d9ffa73db07fa9c1c56e70142b5e3b27b53ec,116,30000000,False
weighted_optimized,10,equal,"[1,1,1,1,1,1,1,1,1,1]",1/2,1000000000000,86400,50000000000,0x70e0ba845a1a0f2da3359c97e0285013525ffc49,deploy,deploy,,,,,,1265051,0x7e5e30d3afcba07dc84cb3a704578b99cc92edb2933a760d9d34bdb4b848c5df,117,30000000,False
weighted_optimized,10,equal,"[1,1,1,1,1,1,1,1,1,1]",1/2,1000000000000,86400,50000000000,0x70e0ba845a1a0f2da3359c97e0285013525ffc49,pay,reservation_only_first,9,1,1000000,0,0,48865,0x619958ae95b563c28a3f0fc77037d46661a60b86f584d5af7f30d5fa7f3bdc60,119,30000000,False
weighted_optimized,10,equal,"[1,1,1,1,1,1,1,1,1,1]",1/2,1000000000000,86400,50000000000,0x70e0ba845a1a0f2da3359c97e0285013525ffc49,pay,reservation_only_repeat,9,2,1000000,0,0,48865,0x572fbc8354872b18af80549de58d6f4bd3af95f80d79542293b15c151cb2a51c,120,30000000,False
weighted_optimized,10,equal,"[1,1,1,1,1,1,1,1,1,1]",1/2,1000000000000,86400,50000000000,0x70e0ba845a1a0f2da3359c97e0285013525ffc49,pay,surplus_first,9,3,49998000001,1,0,71565,0xe8c6bbdd405ea207643ea0dea39c0896076d019ee055e53fd34b50175ab1017d,121,30000000,False
weighted_optimized,10,equal,"[1,1,1,1,1,1,1,1,1,1]",1/2,1000000000000,86400,50000000000,0x70e0ba845a1a0f2da3359c97e0285013525ffc49,pay,surplus_repeat,9,4,1000000,1000000,0,54379,0xfe49682bbbb42171821c67683d00a751ef94dbd3263c72c37f690c27d4355b57,122,30000000,False
weighted_reference,10,equal,"[1,1,1,1,1,1,1,1,1,1]",1/2,1000000000000,86400,50000000000,0x99bba657f2bbc93c02d617f8ba121cb8fc104acf,deploy,deploy,,,,,,1270444,0xf85b820117a89d56e3a354486e57d56c87274a0e363c5f88605469b690fcdadd,123,30000000,False
weighted_reference,10,equal,"[1,1,1,1,1,1,1,1,1,1]",1/2,1000000000000,86400,50000000000,0x99bba657f2bbc93c02d617f8ba121cb8fc104acf,pay,reservation_only_first,9,1,1000000,0,0,109964,0x12a6041be68dd289b9d56eb873394ff55482e6611f0c2fda5734b00485e03591,125,30000000,False
weighted_reference,10,equal,"[1,1,1,1,1,1,1,1,1,1]",1/2,1000000000000,86400,50000000000,0x99bba657f2bbc93c02d617f8ba121cb8fc104acf,pay,reservation_only_repeat,9,2,1000000,0,0,92864,0x27c0cf81ed2ad8a3d12d384f4f5e447ba584cb6aed1f25603f757c48129abc89,126,30000000,False
weighted_reference,10,equal,"[1,1,1,1,1,1,1,1,1,1]",1/2,1000000000000,86400,50000000000,0x99bba657f2bbc93c02d617f8ba121cb8fc104acf,pay,surplus_first,9,3,49998000001,1,0,112850,0x07558842822856418782801097ebb207bf81bdefbdbb015acf4e151dcefbc8e9,127,30000000,False
weighted_reference,10,equal,"[1,1,1,1,1,1,1,1,1,1]",1/2,1000000000000,86400,50000000000,0x99bba657f2bbc93c02d617f8ba121cb8fc104acf,pay,surplus_repeat,9,4,1000000,1000000,0,95788,0xecd5c15030de9f8e8ba03867d0fc43477fd11bcc9eabe439374c5ae19f7a32a1,128,30000000,False
weighted_optimized,10,mild_skew,"[1,2,1,2,1,2,1,2,1,2]",1/2,1000000000000,86400,66666666667,0x8f86403a4de0bb5791fa46b8e795c547942fe4cf,deploy,deploy,,,,,,1261921,0x68d218809cd4ef05a44e5fc3ce6252e0d6a4b9bca884d5dbe5d9fdc3c7ce932a,129,30000000,False
weighted_optimized,10,mild_skew,"[1,2,1,2,1,2,1,2,1,2]",1/2,1000000000000,86400,66666666667,0x8f86403a4de0bb5791fa46b8e795c547942fe4cf,pay,reservation_only_first,9,1,1000000,0,0,48865,0x6868078c9ab145ecc97239126d6e9ba734d1c8a0e0a1dd1cdaea7c61653ff3a1,131,30000000,False
weighted_optimized,10,mild_skew,"[1,2,1,2,1,2,1,2,1,2]",1/2,1000000000000,86400,66666666667,0x8f86403a4de0bb5791fa46b8e795c547942fe4cf,pay,reservation_only_repeat,9,2,1000000,0,0,48865,0x837cb65c235363eef820f02e36fd6b4902e23d3cad578e5dc52e10370e83a716,132,30000000,False
weighted_optimized,10,mild_skew,"[1,2,1,2,1,2,1,2,1,2]",1/2,1000000000000,86400,66666666667,0x8f86403a4de0bb5791fa46b8e795c547942fe4cf,pay,surplus_first,9,3,66664666668,1,0,71565,0xcb395697cc33b6041e078f4eee6be8c2149f75264d5e0fd430197f15e3304c26,133,30000000,False
weighted_optimized,10,mild_skew,"[1,2,1,2,1,2,1,2,1,2]",1/2,1000000000000,86400,66666666667,0x8f86403a4de0bb5791fa46b8e795c547942fe4cf,pay,surplus_repeat,9,4,1000000,1000000,0,54379,0x15c6d5e80e4afd068c66907cb6be85527259485bf89b153cee64c26cbbef40da,134,30000000,False
weighted_reference,10,mild_skew,"[1,2,1,2,1,2,1,2,1,2]",1/2,1000000000000,86400,66666666667,0x5eb3bc0a489c5a8288765d2336659ebca68fcd00,deploy,deploy,,,,,,1285564,0x39fa800490084a2d5fa0f4613a48642c2e609a906c3c2e44de48eeeb8534fd41,135,30000000,False
weighted_reference,10,mild_skew,"[1,2,1,2,1,2,1,2,1,2]",1/2,1000000000000,86400,66666666667,0x5eb3bc0a489c5a8288765d2336659ebca68fcd00,pay,reservation_only_first,9,1,1000000,0,0,109964,0x67c8a3b4775cc3f5877c2a8715e9f0cbee951e3e6b70eb2e4022c15efbe43fcf,137,30000000,False
weighted_reference,10,mild_skew,"[1,2,1,2,1,2,1,2,1,2]",1/2,1000000000000,86400,66666666667,0x5eb3bc0a489c5a8288765d2336659ebca68fcd00,pay,reservation_only_repeat,9,2,1000000,0,0,92864,0xce282bbe908fdc5097e66eca76b54ab83d48a5dd6c5fa9997814bd22adfb208b,138,30000000,False
weighted_reference,10,mild_skew,"[1,2,1,2,1,2,1,2,1,2]",1/2,1000000000000,86400,66666666667,0x5eb3bc0a489c5a8288765d2336659ebca68fcd00,pay,surplus_first,9,3,66664666668,1,0,112850,0x1117f43ec0482863c2dd5c6f4b4dda5147455d20d3c713c0f10b8108aabf47b1,139,30000000,False
weighted_reference,10,mild_skew,"[1,2,1,2,1,2,1,2,1,2]",1/2,1000000000000,86400,66666666667,0x5eb3bc0a489c5a8288765d2336659ebca68fcd00,pay,surplus_repeat,9,4,1000000,1000000,0,95788,0x21029e6424fbafb762afd6c21c8833066acd1461efa125b2d89be441485d0be3,140,30000000,False
weighted_optimized,10,high_skew,"[1,2,3,4,5,6,7,8,9,10]",1/2,1000000000000,86400,90909090909,0x809d550fca64d94bd9f66e60752a544199cfac3d,deploy,deploy,,,,,,1258921,0xba2a505772efc498b202237740316c18c4e71083e8ba0b386c37399b8afa6392,141,30000000,False
weighted_optimized,10,high_skew,"[1,2,3,4,5,6,7,8,9,10]",1/2,1000000000000,86400,90909090909,0x809d550fca64d94bd9f66e60752a544199cfac3d,pay,reservation_only_first,9,1,1000000,0,0,48865,0x6813ec1d14c46fe36b610598f1f8838d2d782f96709becf01bb036e310e22328,143,30000000,False
weighted_optimized,10,high_skew,"[1,2,3,4,5,6,7,8,9,10]",1/2,1000000000000,86400,90909090909,0x809d550fca64d94bd9f66e60752a544199cfac3d,pay,reservation_only_repeat,9,2,1000000,0,0,48865,0x8e02ec0bfd59ef628cde6c5b51061ada813b437dbfeddc51a95179bc45eb3f04,144,30000000,False
weighted_optimized,10,high_skew,"[1,2,3,4,5,6,7,8,9,10]",1/2,1000000000000,86400,90909090909,0x809d550fca64d94bd9f66e60752a544199cfac3d,pay,surplus_first,9,3,90907090910,1,0,71565,0x18a3cfef51cbbed002aae1b540cfec302915fbe4fa6b744259358ed8cd099330,145,30000000,False
weighted_optimized,10,high_skew,"[1,2,3,4,5,6,7,8,9,10]",1/2,1000000000000,86400,90909090909,0x809d550fca64d94bd9f66e60752a544199cfac3d,pay,surplus_repeat,9,4,1000000,1000000,0,54379,0x0f87efae7a393ba03caf59553cb01b365fa7da3bf7b0431860ff3f97126ba519,146,30000000,False
weighted_reference,10,high_skew,"[1,2,3,4,5,6,7,8,9,10]",1/2,1000000000000,86400,90909090909,0x1291be112d480055dafd8a610b7d1e203891c274,deploy,deploy,,,,,,1285524,0x6643cecb0d310893ddbcbf348842737771902f7d8f9846e3ba4eb7af49ce905c,147,30000000,False
weighted_reference,10,high_skew,"[1,2,3,4,5,6,7,8,9,10]",1/2,1000000000000,86400,90909090909,0x1291be112d480055dafd8a610b7d1e203891c274,pay,reservation_only_first,9,1,1000000,0,0,109964,0xb40e6304adb807c4006a7088a55a4085e17d610942e25a96392612fea3c1db54,149,30000000,False
weighted_reference,10,high_skew,"[1,2,3,4,5,6,7,8,9,10]",1/2,1000000000000,86400,90909090909,0x1291be112d480055dafd8a610b7d1e203891c274,pay,reservation_only_repeat,9,2,1000000,0,0,92864,0x671e18660abbef82802f6bde925349827527b4e7e07d30aec23fd59d66e7c6c1,150,30000000,False
weighted_reference,10,high_skew,"[1,2,3,4,5,6,7,8,9,10]",1/2,1000000000000,86400,90909090909,0x1291be112d480055dafd8a610b7d1e203891c274,pay,surplus_first,9,3,90907090910,1,0,112850,0xa0b333d8d314d5d8f867eccad596a7b803efe228674cbcd5a949c43eb5703100,151,30000000,False
weighted_reference,10,high_skew,"[1,2,3,4,5,6,7,8,9,10]",1/2,1000000000000,86400,90909090909,0x1291be112d480055dafd8a610b7d1e203891c274,pay,surplus_repeat,9,4,1000000,1000000,0,95788,0x5d20debb9bb80d5bd2e649aeabed84b27afec63d1b8f8f94e83b01d79065b9f8,152,30000000,False
weighted_optimized,10,dominant,"[1,1,1,1,1,1,1,1,1,1000]",1/2,1000000000000,86400,495540138751,0xb7278a61aa25c888815afc32ad3cc52ff24fe575,deploy,deploy,,,,,,1264581,0x7af4eb5d07c4c8c309c1f04bdbf6722b0afe5c0141683cbc3487180357887676,153,30000000,False
weighted_optimized,10,dominant,"[1,1,1,1,1,1,1,1,1,1000]",1/2,1000000000000,86400,495540138751,0xb7278a61aa25c888815afc32ad3cc52ff24fe575,pay,reservation_only_first,9,1,1000000,0,0,48865,0x824a0f86713fb61f9810e1067c816b912bb397b92c39509baa3bbad94e9379e0,155,30000000,False
weighted_optimized,10,dominant,"[1,1,1,1,1,1,1,1,1,1000]",1/2,1000000000000,86400,495540138751,0xb7278a61aa25c888815afc32ad3cc52ff24fe575,pay,reservation_only_repeat,9,2,1000000,0,0,48865,0x5f4e3ece75488b6dbed29dcd12250ecac9cb4355b5d2683e765e13df23b084e5,156,30000000,False
weighted_optimized,10,dominant,"[1,1,1,1,1,1,1,1,1,1000]",1/2,1000000000000,86400,495540138751,0xb7278a61aa25c888815afc32ad3cc52ff24fe575,pay,surplus_first,9,3,495538138752,1,0,71565,0xa312aff3c0a51262447e4253fa8f0e4ca2fee59a1b3e1df56a1bd59dd501e558,157,30000000,False
weighted_optimized,10,dominant,"[1,1,1,1,1,1,1,1,1,1000]",1/2,1000000000000,86400,495540138751,0xb7278a61aa25c888815afc32ad3cc52ff24fe575,pay,surplus_repeat,9,4,1000000,1000000,0,54379,0xcded9cc1c4096bda3b09e01ea31c0906485bc2b3ee70103c69038adca9605e02,158,30000000,False
weighted_reference,10,dominant,"[1,1,1,1,1,1,1,1,1,1000]",1/2,1000000000000,86400,495540138751,0x82e01223d51eb87e16a03e24687edf0f294da6f1,deploy,deploy,,,,,,1290595,0x15732fe3117a24691da519464795d074cf29a463a65dc632edb411aed7250152,159,30000000,False
weighted_reference,10,dominant,"[1,1,1,1,1,1,1,1,1,1000]",1/2,1000000000000,86400,495540138751,0x82e01223d51eb87e16a03e24687edf0f294da6f1,pay,reservation_only_first,9,1,1000000,0,0,109964,0x7e910037a2b6ada3d06a2fb44830193b4fa58fdd400022af21909fee79221993,161,30000000,False
weighted_reference,10,dominant,"[1,1,1,1,1,1,1,1,1,1000]",1/2,1000000000000,86400,495540138751,0x82e01223d51eb87e16a03e24687edf0f294da6f1,pay,reservation_only_repeat,9,2,1000000,0,0,92864,0x623244af2659d50843961e0b1a3c9708f5a69cc5e958aecc6f044e93d85c80e3,162,30000000,False
weighted_reference,10,dominant,"[1,1,1,1,1,1,1,1,1,1000]",1/2,1000000000000,86400,495540138751,0x82e01223d51eb87e16a03e24687edf0f294da6f1,pay,surplus_first,9,3,495538138752,1,0,112850,0xd6a99e05f15444642d4eb8e93467813217652ac4b74042106d86194cc6be695b,163,30000000,False
weighted_reference,10,dominant,"[1,1,1,1,1,1,1,1,1,1000]",1/2,1000000000000,86400,495540138751,0x82e01223d51eb87e16a03e24687edf0f294da6f1,pay,surplus_repeat,9,4,1000000,1000000,0,95788,0x7f1310ba05d419dde8ff47ad38b223dfa2368473f1d76762b6b4533eefc09618,164,30000000,False
baseline,20,equal,"[1,1,1,1,1,1,1,1,1,1,1,1,1,1,1,1,1,1,1,1]",1/2,1000000000000,86400,25000000000,0x7969c5ed335650692bc04293b07f5bf2e7a673c0,deploy,deploy,,,,,,1249450,0x5f36538fc7fbd72c6229977cdafe1d8e94dff1d28b51e71999323aef3642db96,165,30000000,False
baseline,20,equal,"[1,1,1,1,1,1,1,1,1,1,1,1,1,1,1,1,1,1,1,1]",1/2,1000000000000,86400,25000000000,0x7969c5ed335650692bc04293b07f5bf2e7a673c0,pay,reservation_only_first,19,1,1000000,0,0,47123,0xdd754442cd060807abaed6620f2168287667bd37ca44ef7687297beb1e49e64d,167,30000000,False
baseline,20,equal,"[1,1,1,1,1,1,1,1,1,1,1,1,1,1,1,1,1,1,1,1]",1/2,1000000000000,86400,25000000000,0x7969c5ed335650692bc04293b07f5bf2e7a673c0,pay,reservation_only_repeat,19,2,1000000,0,0,47123,0xc031fc88b2d6b5298fab491038e4b96b430a7c08bcbb74fac6761a76685a0478,168,30000000,False
baseline,20,equal,"[1,1,1,1,1,1,1,1,1,1,1,1,1,1,1,1,1,1,1,1]",1/2,1000000000000,86400,25000000000,0x7969c5ed335650692bc04293b07f5bf2e7a673c0,pay,surplus_first,19,3,24998000001,1,0,69823,0x1d57a3f244d369ff2fc4a6fc0b8ee96ee12068961279ee4ea5de0a05df539e68,169,30000000,False
baseline,20,equal,"[1,1,1,1,1,1,1,1,1,1,1,1,1,1,1,1,1,1,1,1]",1/2,1000000000000,86400,25000000000,0x7969c5ed335650692bc04293b07f5bf2e7a673c0,pay,surplus_repeat,19,4,1000000,1000000,0,52637,0xbcbe63c63c32f4d24c4d6247cd95faeb600c2135382a0d26b67c13e1e1c99760,170,30000000,False
weighted_optimized,20,equal,"[1,1,1,1,1,1,1,1,1,1,1,1,1,1,1,1,1,1,1,1]",1/2,1000000000000,86400,25000000000,0xc351628eb244ec633d5f21fbd6621e1a683b1181,deploy,deploy,,,,,,1858200,0x7c5b328532b86d718eb12fcb20cded95b26784a03447f419542cf8de17cc42e8,171,30000000,False
weighted_optimized,20,equal,"[1,1,1,1,1,1,1,1,1,1,1,1,1,1,1,1,1,1,1,1]",1/2,1000000000000,86400,25000000000,0xc351628eb244ec633d5f21fbd6621e1a683b1181,pay,reservation_only_first,19,1,1000000,0,0,48865,0x52823a3416a72e7df4020cf071055237007ac09de1d2599c1e02f0d61fe6fa21,173,30000000,False
weighted_optimized,20,equal,"[1,1,1,1,1,1,1,1,1,1,1,1,1,1,1,1,1,1,1,1]",1/2,1000000000000,86400,25000000000,0xc351628eb244ec633d5f21fbd6621e1a683b1181,pay,reservation_only_repeat,19,2,1000000,0,0,48865,0x58e6b925db4fe8dee503250052700432027844d890c0cd1cdd8404b554b78771,174,30000000,False
weighted_optimized,20,equal,"[1,1,1,1,1,1,1,1,1,1,1,1,1,1,1,1,1,1,1,1]",1/2,1000000000000,86400,25000000000,0xc351628eb244ec633d5f21fbd6621e1a683b1181,pay,surplus_first,19,3,24998000001,1,0,71565,0xa50bdf5cf98304d6c5dcd281954a1a2677856689a518494492114aff055ce283,175,30000000,False
weighted_optimized,20,equal,"[1,1,1,1,1,1,1,1,1,1,1,1,1,1,1,1,1,1,1,1]",1/2,1000000000000,86400,25000000000,0xc351628eb244ec633d5f21fbd6621e1a683b1181,pay,surplus_repeat,19,4,1000000,1000000,0,54379,0x0f98fd6e542f0bf885c3125bba8cd654cee5af328c5b2187a5a2454b876efdcc,176,30000000,False
weighted_reference,20,equal,"[1,1,1,1,1,1,1,1,1,1,1,1,1,1,1,1,1,1,1,1]",1/2,1000000000000,86400,25000000000,0xcbeaf3bde82155f56486fb5a1072cb8baaf547cc,deploy,deploy,,,,,,1830015,0xd0df5e785678bae72ec1790bdda91a3187c399b814e83b9e92ee4a774a853d3d,177,30000000,False
weighted_reference,20,equal,"[1,1,1,1,1,1,1,1,1,1,1,1,1,1,1,1,1,1,1,1]",1/2,1000000000000,86400,25000000000,0xcbeaf3bde82155f56486fb5a1072cb8baaf547cc,pay,reservation_only_first,19,1,1000000,0,0,134834,0xccde9015a798cc35b820f291e60fac97935456e1bdaf2b36fb4bb6293cce95d0,179,30000000,False
weighted_reference,20,equal,"[1,1,1,1,1,1,1,1,1,1,1,1,1,1,1,1,1,1,1,1]",1/2,1000000000000,86400,25000000000,0xcbeaf3bde82155f56486fb5a1072cb8baaf547cc,pay,reservation_only_repeat,19,2,1000000,0,0,117734,0x186a4420b3295e21ca90c8d4e0d13984c33fe031cb33c274aecc6eef7f402b18,180,30000000,False
weighted_reference,20,equal,"[1,1,1,1,1,1,1,1,1,1,1,1,1,1,1,1,1,1,1,1]",1/2,1000000000000,86400,25000000000,0xcbeaf3bde82155f56486fb5a1072cb8baaf547cc,pay,surplus_first,19,3,24998000001,1,0,137720,0x5abe2512176b22eb44f8382b4c196001d74c279458b5112e8787e19830eefe7e,181,30000000,False
weighted_reference,20,equal,"[1,1,1,1,1,1,1,1,1,1,1,1,1,1,1,1,1,1,1,1]",1/2,1000000000000,86400,25000000000,0xcbeaf3bde82155f56486fb5a1072cb8baaf547cc,pay,surplus_repeat,19,4,1000000,1000000,0,120658,0x326c1e041651ba333fc51c02c61e01612354963b31cf9d34d2352fe5b48efba1,182,30000000,False
weighted_optimized,20,mild_skew,"[1,2,1,2,1,2,1,2,1,2,1,2,1,2,1,2,1,2,1,2]",1/2,1000000000000,86400,33333333333,0xb0d4afd8879ed9f52b28595d31b441d079b2ca07,deploy,deploy,,,,,,1844440,0x6941a6cdcda8f9b4839100605b3f7370a5b625d24bc2d3fe228dd75902a89e07,183,30000000,False
weighted_optimized,20,mild_skew,"[1,2,1,2,1,2,1,2,1,2,1,2,1,2,1,2,1,2,1,2]",1/2,1000000000000,86400,33333333333,0xb0d4afd8879ed9f52b28595d31b441d079b2ca07,pay,reservation_only_first,19,1,1000000,0,0,48865,0xb89c4ac6e5de4cf38eef579588aaf974976be2395113faea2c10c735797f0046,185,30000000,False
weighted_optimized,20,mild_skew,"[1,2,1,2,1,2,1,2,1,2,1,2,1,2,1,2,1,2,1,2]",1/2,1000000000000,86400,33333333333,0xb0d4afd8879ed9f52b28595d31b441d079b2ca07,pay,reservation_only_repeat,19,2,1000000,0,0,48865,0x22b1ec676b941b25457ba13a38240727e0c7ac5774d7afab41dea96d7ad0083f,186,30000000,False
weighted_optimized,20,mild_skew,"[1,2,1,2,1,2,1,2,1,2,1,2,1,2,1,2,1,2,1,2]",1/2,1000000000000,86400,33333333333,0xb0d4afd8879ed9f52b28595d31b441d079b2ca07,pay,surplus_first,19,3,33331333334,1,0,71565,0x162ed774748966adb5b15c0153cdbecc943b9e59ab7cea6a22387be10a34887b,187,30000000,False
weighted_optimized,20,mild_skew,"[1,2,1,2,1,2,1,2,1,2,1,2,1,2,1,2,1,2,1,2]",1/2,1000000000000,86400,33333333333,0xb0d4afd8879ed9f52b28595d31b441d079b2ca07,pay,surplus_repeat,19,4,1000000,1000000,0,54379,0xdc74c4f36ac8fe3b345591a1eae8f8cc1c63e5047e1c309164a67b97303cc583,188,30000000,False
weighted_reference,20,mild_skew,"[1,2,1,2,1,2,1,2,1,2,1,2,1,2,1,2,1,2,1,2]",1/2,1000000000000,86400,33333333333,0x922d6956c99e12dfeb3224dea977d0939758a1fe,deploy,deploy,,,,,,1884472,0xeb744677b98665e0f1a1d36ef046fab70daf74494d796d0feaa637571fe8969b,189,30000000,False
weighted_reference,20,mild_skew,"[1,2,1,2,1,2,1,2,1,2,1,2,1,2,1,2,1,2,1,2]",1/2,1000000000000,86400,33333333333,0x922d6956c99e12dfeb3224dea977d0939758a1fe,pay,reservation_only_first,19,1,1000000,0,0,134834,0x0c40a9933e90e2d6e212f9c343052d9eae261774e54f42520eb38767ee6f5dac,191,30000000,False
weighted_reference,20,mild_skew,"[1,2,1,2,1,2,1,2,1,2,1,2,1,2,1,2,1,2,1,2]",1/2,1000000000000,86400,33333333333,0x922d6956c99e12dfeb3224dea977d0939758a1fe,pay,reservation_only_repeat,19,2,1000000,0,0,117734,0xbcf5ae1eba14f7292d146a68a31baa4fc7722fd93e843fadc4708957a966d541,192,30000000,False
weighted_reference,20,mild_skew,"[1,2,1,2,1,2,1,2,1,2,1,2,1,2,1,2,1,2,1,2]",1/2,1000000000000,86400,33333333333,0x922d6956c99e12dfeb3224dea977d0939758a1fe,pay,surplus_first,19,3,33331333334,1,0,137720,0x36aee8e97a98a2068c019125ba2a59f9144c6c501fafe62d2c2139fc54a01cae,193,30000000,False
weighted_reference,20,mild_skew,"[1,2,1,2,1,2,1,2,1,2,1,2,1,2,1,2,1,2,1,2]",1/2,1000000000000,86400,33333333333,0x922d6956c99e12dfeb3224dea977d0939758a1fe,pay,surplus_repeat,19,4,1000000,1000000,0,120658,0x96323bde02707d1a6400a49482ceb1701b19f410531aaf1c1536acc0a2052479,194,30000000,False
weighted_optimized,20,high_skew,"[1,2,3,4,5,6,7,8,9,10,11,12,13,14,15,16,17,18,19,20]",1/2,1000000000000,86400,47619047619,0x1fa02b2d6a771842690194cf62d91bdd92bfe28d,deploy,deploy,,,,,,1830940,0x6d25ba0465cfaaf31cd40e5dc66c6c84fbefa5f201f9dd93a5b5263c2276b7dc,195,30000000,False
weighted_optimized,20,high_skew,"[1,2,3,4,5,6,7,8,9,10,11,12,13,14,15,16,17,18,19,20]",1/2,1000000000000,86400,47619047619,0x1fa02b2d6a771842690194cf62d91bdd92bfe28d,pay,reservation_only_first,19,1,1000000,0,0,48865,0x61948f17e3329facf53fc452eae587d4519c35b6bc800dd7765e4ced545d7903,197,30000000,False
weighted_optimized,20,high_skew,"[1,2,3,4,5,6,7,8,9,10,11,12,13,14,15,16,17,18,19,20]",1/2,1000000000000,86400,47619047619,0x1fa02b2d6a771842690194cf62d91bdd92bfe28d,pay,reservation_only_repeat,19,2,1000000,0,0,48865,0x84ba2c456e4aa08849506f567dfa3bfe7393cd2a912807db20779d74ae0b338a,198,30000000,False
weighted_optimized,20,high_skew,"[1,2,3,4,5,6,7,8,9,10,11,12,13,14,15,16,17,18,19,20]",1/2,1000000000000,86400,47619047619,0x1fa02b2d6a771842690194cf62d91bdd92bfe28d,pay,surplus_first,19,3,47617047620,1,0,71565,0x8a7d605d5a7290d56aa3e7259aca6d21f7c04d5f26f8b03af5868e13bc29d68e,199,30000000,False
weighted_optimized,20,high_skew,"[1,2,3,4,5,6,7,8,9,10,11,12,13,14,15,16,17,18,19,20]",1/2,1000000000000,86400,47619047619,0x1fa02b2d6a771842690194cf62d91bdd92bfe28d,pay,surplus_repeat,19,4,1000000,1000000,0,54379,0x347ed16ebd283a81b76dce6c1b9e6b75a2959a75e2f3d41002d505ce0f59858f,200,30000000,False
weighted_reference,20,high_skew,"[1,2,3,4,5,6,7,8,9,10,11,12,13,14,15,16,17,18,19,20]",1/2,1000000000000,86400,47619047619,0x04c89607413713ec9775e14b954286519d836fef,deploy,deploy,,,,,,1884400,0x3aeccf0d6b8a250384b87b4205258300608b780f3716908ba0e77dd3d7b83a7d,201,30000000,False
weighted_reference,20,high_skew,"[1,2,3,4,5,6,7,8,9,10,11,12,13,14,15,16,17,18,19,20]",1/2,1000000000000,86400,47619047619,0x04c89607413713ec9775e14b954286519d836fef,pay,reservation_only_first,19,1,1000000,0,0,134834,0x5ca566e6019a08cb2f2ed73bffe6f1afeb05225894b969d2e7cb26fb3a5f34ba,203,30000000,False
weighted_reference,20,high_skew,"[1,2,3,4,5,6,7,8,9,10,11,12,13,14,15,16,17,18,19,20]",1/2,1000000000000,86400,47619047619,0x04c89607413713ec9775e14b954286519d836fef,pay,reservation_only_repeat,19,2,1000000,0,0,117734,0x04f1c514d28f701ecb3c9e53d4fb686c7674588473a32cb4d73309667ed61f2b,204,30000000,False
weighted_reference,20,high_skew,"[1,2,3,4,5,6,7,8,9,10,11,12,13,14,15,16,17,18,19,20]",1/2,1000000000000,86400,47619047619,0x04c89607413713ec9775e14b954286519d836fef,pay,surplus_first,19,3,47617047620,1,0,137720,0xebc85abbc21154ef14863260dff893ad5ec00b1d884d3c48797377ec45bffdcf,205,30000000,False
weighted_reference,20,high_skew,"[1,2,3,4,5,6,7,8,9,10,11,12,13,14,15,16,17,18,19,20]",1/2,1000000000000,86400,47619047619,0x04c89607413713ec9775e14b954286519d836fef,pay,surplus_repeat,19,4,1000000,1000000,0,120658,0xb633156d492a8805d5641f7ca3349f5905bdf941e26b4c04ec40cc3784dac5f9,206,30000000,False
weighted_optimized,20,dominant,"[1,1,1,1,1,1,1,1,1,1,1,1,1,1,1,1,1,1,1,2000]",1/2,1000000000000,86400,495294700347,0x21df544947ba3e8b3c32561399e88b52dc8b2823,deploy,deploy,,,,,,1855858,0xc3010a3c7a8813e3bc3a3bc82cca7ae6092c944a9cae50091667da65ba88883b,207,30000000,False
weighted_optimized,20,dominant,"[1,1,1,1,1,1,1,1,1,1,1,1,1,1,1,1,1,1,1,2000]",1/2,1000000000000,86400,495294700347,0x21df544947ba3e8b3c32561399e88b52dc8b2823,pay,reservation_only_first,19,1,1000000,0,0,48865,0xcba8785aa5e4ace443573ea1e608ee9f2f0cd7c69b66a27e75cfa29000a37eb5,209,30000000,False
weighted_optimized,20,dominant,"[1,1,1,1,1,1,1,1,1,1,1,1,1,1,1,1,1,1,1,2000]",1/2,1000000000000,86400,495294700347,0x21df544947ba3e8b3c32561399e88b52dc8b2823,pay,reservation_only_repeat,19,2,1000000,0,0,48865,0x268e295daf4dd920535647e51040197e26b7e938f88e2a8c3f23e905a0f4c04f,210,30000000,False
weighted_optimized,20,dominant,"[1,1,1,1,1,1,1,1,1,1,1,1,1,1,1,1,1,1,1,2000]",1/2,1000000000000,86400,495294700347,0x21df544947ba3e8b3c32561399e88b52dc8b2823,pay,surplus_first,19,3,495292700348,1,0,71565,0x8456b792441291ca9efa8271d61e2d250186655fe11dacb05ed8a815d3cdc723,211,30000000,False
weighted_optimized,20,dominant,"[1,1,1,1,1,1,1,1,1,1,1,1,1,1,1,1,1,1,1,2000]",1/2,1000000000000,86400,495294700347,0x21df544947ba3e8b3c32561399e88b52dc8b2823,pay,surplus_repeat,19,4,1000000,1000000,0,54379,0xb72b601867a14fa1a1af33f015c58fe3335f344d60bdfcf7849eb0a939353839,212,30000000,False
weighted_reference,20,dominant,"[1,1,1,1,1,1,1,1,1,1,1,1,1,1,1,1,1,1,1,2000]",1/2,1000000000000,86400,495294700347,0xd8a5a9b31c3c0232e196d518e89fd8bf83acad43,deploy,deploy,,,,,,1853457,0x60061baef4d85f6546ab9003e4b1fd1ff82bf0b168dacebc8af24159d68e0a46,213,30000000,False
weighted_reference,20,dominant,"[1,1,1,1,1,1,1,1,1,1,1,1,1,1,1,1,1,1,1,2000]",1/2,1000000000000,86400,495294700347,0xd8a5a9b31c3c0232e196d518e89fd8bf83acad43,pay,reservation_only_first,19,1,1000000,0,0,134834,0xde363dede4784f136e245010be10b9154c2f393ea02f0006a97cd89be5f9955a,215,30000000,False
weighted_reference,20,dominant,"[1,1,1,1,1,1,1,1,1,1,1,1,1,1,1,1,1,1,1,2000]",1/2,1000000000000,86400,495294700347,0xd8a5a9b31c3c0232e196d518e89fd8bf83acad43,pay,reservation_only_repeat,19,2,1000000,0,0,117734,0x745ecbb00276df153651e4c44707df2665e4144a50ae99e7cdffe3c597f8b47e,216,30000000,False
weighted_reference,20,dominant,"[1,1,1,1,1,1,1,1,1,1,1,1,1,1,1,1,1,1,1,2000]",1/2,1000000000000,86400,495294700347,0xd8a5a9b31c3c0232e196d518e89fd8bf83acad43,pay,surplus_first,19,3,495292700348,1,0,137720,0xc5191c96abaad1a9796a3062684ebdf145d9e72bc3f29ceb5ba853ff9ac93baa,217,30000000,False
weighted_reference,20,dominant,"[1,1,1,1,1,1,1,1,1,1,1,1,1,1,1,1,1,1,1,2000]",1/2,1000000000000,86400,495294700347,0xd8a5a9b31c3c0232e196d518e89fd8bf83acad43,pay,surplus_repeat,19,4,1000000,1000000,0,120658,0x428835ab24e8d5b37873a0cd3b83c0ce56ae1318f145714bc8ed77747d0a54be,218,30000000,False
baseline,50,equal,"[1,1,1,1,1,1,1,1,1,1,1,1,1,1,1,1,1,1,1,1,1,1,1,1,1,1,1,1,1,1,1,1,1,1,1,1,1,1,1,1,1,1,1,1,1,1,1,1,1,1]",1/2,1000000000000,86400,10000000000,0x51a1ceb83b83f1985a81c295d1ff28afef186e02,deploy,deploy,,,,,,1998732,0x80d4bd66610b2f39f19e0857e89e69b4d6f1fad7eeb9670d22c950f4997e7c52,219,30000000,False
baseline,50,equal,"[1,1,1,1,1,1,1,1,1,1,1,1,1,1,1,1,1,1,1,1,1,1,1,1,1,1,1,1,1,1,1,1,1,1,1,1,1,1,1,1,1,1,1,1,1,1,1,1,1,1]",1/2,1000000000000,86400,10000000000,0x51a1ceb83b83f1985a81c295d1ff28afef186e02,pay,reservation_only_first,49,1,1000000,0,0,47123,0xb0dab54d777df4ac28edc27d1aff015cdc700822da48c1afc445330f9c400e0f,221,30000000,False
baseline,50,equal,"[1,1,1,1,1,1,1,1,1,1,1,1,1,1,1,1,1,1,1,1,1,1,1,1,1,1,1,1,1,1,1,1,1,1,1,1,1,1,1,1,1,1,1,1,1,1,1,1,1,1]",1/2,1000000000000,86400,10000000000,0x51a1ceb83b83f1985a81c295d1ff28afef186e02,pay,reservation_only_repeat,49,2,1000000,0,0,47123,0x6d325dfb65486d636daae5824cc5b1e87904a7ca8f20bbee7f4e24baf45a51a9,222,30000000,False
baseline,50,equal,"[1,1,1,1,1,1,1,1,1,1,1,1,1,1,1,1,1,1,1,1,1,1,1,1,1,1,1,1,1,1,1,1,1,1,1,1,1,1,1,1,1,1,1,1,1,1,1,1,1,1]",1/2,1000000000000,86400,10000000000,0x51a1ceb83b83f1985a81c295d1ff28afef186e02,pay,surplus_first,49,3,9998000001,1,0,69823,0x373244e140096ef41ae2b847e9867f7e6b854f98e8fc48b70a38dc6406a6bcda,223,30000000,False
baseline,50,equal,"[1,1,1,1,1,1,1,1,1,1,1,1,1,1,1,1,1,1,1,1,1,1,1,1,1,1,1,1,1,1,1,1,1,1,1,1,1,1,1,1,1,1,1,1,1,1,1,1,1,1]",1/2,1000000000000,86400,10000000000,0x51a1ceb83b83f1985a81c295d1ff28afef186e02,pay,surplus_repeat,49,4,1000000,1000000,0,52637,0x566926afc3bdf5d7339d0669ef72144c7bd830a9d804a51c1381cc78ff14684f,224,30000000,False
weighted_optimized,50,equal,"[1,1,1,1,1,1,1,1,1,1,1,1,1,1,1,1,1,1,1,1,1,1,1,1,1,1,1,1,1,1,1,1,1,1,1,1,1,1,1,1,1,1,1,1,1,1,1,1,1,1]",1/2,1000000000000,86400,10000000000,0x8198f5d8f8cffe8f9c413d98a0a55aeb8ab9fbb7,deploy,deploy,,,,,,4066258,0xb3e855d0aab3e44a3003802d7901fcfc6d0882e364398d5a50631191b39737d0,225,30000000,False
weighted_optimized,50,equal,"[1,1,1,1,1,1,1,1,1,1,1,1,1,1,1,1,1,1,1,1,1,1,1,1,1,1,1,1,1,1,1,1,1,1,1,1,1,1,1,1,1,1,1,1,1,1,1,1,1,1]",1/2,1000000000000,86400,10000000000,0x8198f5d8f8cffe8f9c413d98a0a55aeb8ab9fbb7,pay,reservation_only_first,49,1,1000000,0,0,48865,0x8d4dfb9241408443348a320656c205fc66793c04f9f400633a54150d7e824d86,227,30000000,False
weighted_optimized,50,equal,"[1,1,1,1,1,1,1,1,1,1,1,1,1,1,1,1,1,1,1,1,1,1,1,1,1,1,1,1,1,1,1,1,1,1,1,1,1,1,1,1,1,1,1,1,1,1,1,1,1,1]",1/2,1000000000000,86400,10000000000,0x8198f5d8f8cffe8f9c413d98a0a55aeb8ab9fbb7,pay,reservation_only_repeat,49,2,1000000,0,0,48865,0xe2c1fb34f6a3da4a512367fa34923fb2f88a84de3b8857c1f9650ee0b793c85e,228,30000000,False
weighted_optimized,50,equal,"[1,1,1,1,1,1,1,1,1,1,1,1,1,1,1,1,1,1,1,1,1,1,1,1,1,1,1,1,1,1,1,1,1,1,1,1,1,1,1,1,1,1,1,1,1,1,1,1,1,1]",1/2,1000000000000,86400,10000000000,0x8198f5d8f8cffe8f9c413d98a0a55aeb8ab9fbb7,pay,surplus_first,49,3,9998000001,1,0,71565,0x747922536cd2766765209a714bd6cd1c913ca4a6f9e2ea91871d3c41d8f559ad,229,30000000,False
weighted_optimized,50,equal,"[1,1,1,1,1,1,1,1,1,1,1,1,1,1,1,1,1,1,1,1,1,1,1,1,1,1,1,1,1,1,1,1,1,1,1,1,1,1,1,1,1,1,1,1,1,1,1,1,1,1]",1/2,1000000000000,86400,10000000000,0x8198f5d8f8cffe8f9c413d98a0a55aeb8ab9fbb7,pay,surplus_repeat,49,4,1000000,1000000,0,54379,0xe773f084afdf47e93ec626f69350a5e3d6e9a1ec64520d9633cc6a87d97d1897,230,30000000,False
weighted_reference,50,equal,"[1,1,1,1,1,1,1,1,1,1,1,1,1,1,1,1,1,1,1,1,1,1,1,1,1,1,1,1,1,1,1,1,1,1,1,1,1,1,1,1,1,1,1,1,1,1,1,1,1,1]",1/2,1000000000000,86400,10000000000,0x202cce504e04bed6fc0521238ddf04bc9e8e15ab,deploy,deploy,,,,,,3800986,0xc86a33f3a3133c7466a077631eca8ce662f89d4719316e1e159929b6bafcf72c,231,30000000,False
weighted_reference,50,equal,"[1,1,1,1,1,1,1,1,1,1,1,1,1,1,1,1,1,1,1,1,1,1,1,1,1,1,1,1,1,1,1,1,1,1,1,1,1,1,1,1,1,1,1,1,1,1,1,1,1,1]",1/2,1000000000000,86400,10000000000,0x202cce504e04bed6fc0521238ddf04bc9e8e15ab,pay,reservation_only_first,49,1,1000000,0,0,209444,0x6bcec42c218f523c30ae164ea1fbb46fb2317f2b528fe430c6309a332abf16e2,233,30000000,False
weighted_reference,50,equal,"[1,1,1,1,1,1,1,1,1,1,1,1,1,1,1,1,1,1,1,1,1,1,1,1,1,1,1,1,1,1,1,1,1,1,1,1,1,1,1,1,1,1,1,1,1,1,1,1,1,1]",1/2,1000000000000,86400,10000000000,0x202cce504e04bed6fc0521238ddf04bc9e8e15ab,pay,reservation_only_repeat,49,2,1000000,0,0,192344,0xede0e24e24c8e1a00dd649beea79335d9fc8dad7414929c45fb6aab5d1969709,234,30000000,False
weighted_reference,50,equal,"[1,1,1,1,1,1,1,1,1,1,1,1,1,1,1,1,1,1,1,1,1,1,1,1,1,1,1,1,1,1,1,1,1,1,1,1,1,1,1,1,1,1,1,1,1,1,1,1,1,1]",1/2,1000000000000,86400,10000000000,0x202cce504e04bed6fc0521238ddf04bc9e8e15ab,pay,surplus_first,49,3,9998000001,1,0,212330,0xa14a1ac7e0db4b764124b99f7b99908979dd5e987d1bfbb75c64b48d14d8deed,235,30000000,False
weighted_reference,50,equal,"[1,1,1,1,1,1,1,1,1,1,1,1,1,1,1,1,1,1,1,1,1,1,1,1,1,1,1,1,1,1,1,1,1,1,1,1,1,1,1,1,1,1,1,1,1,1,1,1,1,1]",1/2,1000000000000,86400,10000000000,0x202cce504e04bed6fc0521238ddf04bc9e8e15ab,pay,surplus_repeat,49,4,1000000,1000000,0,195268,0xbec417af8c522285261f9d4cd0197b2493b102373c3556a537faa540639a3c36,236,30000000,False
weighted_optimized,50,mild_skew,"[1,2,1,2,1,2,1,2,1,2,1,2,1,2,1,2,1,2,1,2,1,2,1,2,1,2,1,2,1,2,1,2,1,2,1,2,1,2,1,2,1,2,1,2,1,2,1,2,1,2]",1/2,1000000000000,86400,13333333333,0x172076e0166d1f9cc711c77adf8488051744980c,deploy,deploy,,,,,,3975608,0x9bfcdbf739b4a454922b9ce020cea601501970947781bb2e8c51ddc69fcf4341,237,30000000,False
weighted_optimized,50,mild_skew,"[1,2,1,2,1,2,1,2,1,2,1,2,1,2,1,2,1,2,1,2,1,2,1,2,1,2,1,2,1,2,1,2,1,2,1,2,1,2,1,2,1,2,1,2,1,2,1,2,1,2]",1/2,1000000000000,86400,13333333333,0x172076e0166d1f9cc711c77adf8488051744980c,pay,reservation_only_first,49,1,1000000,0,0,48865,0x763f37f4d719e1cece1b7546b49f122bee733c99afceda924d03bfff644ab855,239,30000000,False
weighted_optimized,50,mild_skew,"[1,2,1,2,1,2,1,2,1,2,1,2,1,2,1,2,1,2,1,2,1,2,1,2,1,2,1,2,1,2,1,2,1,2,1,2,1,2,1,2,1,2,1,2,1,2,1,2,1,2]",1/2,1000000000000,86400,13333333333,0x172076e0166d1f9cc711c77adf8488051744980c,pay,reservation_only_repeat,49,2,1000000,0,0,48865,0x69c56eca22c32a705b7c5d5ce00c2c718acc2a10e86932413ccb244ec94204b2,240,30000000,False
weighted_optimized,50,mild_skew,"[1,2,1,2,1,2,1,2,1,2,1,2,1,2,1,2,1,2,1,2,1,2,1,2,1,2,1,2,1,2,1,2,1,2,1,2,1,2,1,2,1,2,1,2,1,2,1,2,1,2]",1/2,1000000000000,86400,13333333333,0x172076e0166d1f9cc711c77adf8488051744980c,pay,surplus_first,49,3,13331333334,1,0,71553,0x85abc90aa97e6bf30be458a93ec19a471288a561e2d86e702f48dfe4c3012c60,241,30000000,False
weighted_optimized,50,mild_skew,"[1,2,1,2,1,2,1,2,1,2,1,2,1,2,1,2,1,2,1,2,1,2,1,2,1,2,1,2,1,2,1,2,1,2,1,2,1,2,1,2,1,2,1,2,1,2,1,2,1,2]",1/2,1000000000000,86400,13333333333,0x172076e0166d1f9cc711c77adf8488051744980c,pay,surplus_repeat,49,4,1000000,1000000,0,54379,0xd63a986414cc37f1b12ea0a6cf7f5c9abc35d07a1cd9717987ede9d463a702e8,242,30000000,False
weighted_reference,50,mild_skew,"[1,2,1,2,1,2,1,2,1,2,1,2,1,2,1,2,1,2,1,2,1,2,1,2,1,2,1,2,1,2,1,2,1,2,1,2,1,2,1,2,1,2,1,2,1,2,1,2,1,2]",1/2,1000000000000,86400,13333333333,0xbec49fa140acaa83533fb00a2bb19bddd0290f25,deploy,deploy,,,,,,4118828,0x12866cf60f3135bb6e525b623bba96c014c3c458d31ea2b7a1189e6087d4feff,243,30000000,False
weighted_reference,50,mild_skew,"[1,2,1,2,1,2,1,2,1,2,1,2,1,2,1,2,1,2,1,2,1,2,1,2,1,2,1,2,1,2,1,2,1,2,1,2,1,2,1,2,1,2,1,2,1,2,1,2,1,2]",1/2,1000000000000,86400,13333333333,0xbec49fa140acaa83533fb00a2bb19bddd0290f25,pay,reservation_only_first,49,1,1000000,0,0,209444,0x87887539df2a0c67d4b408c9535bf237a614300b00add531f69dac6a2d3131ea,245,30000000,False
weighted_reference,50,mild_skew,"[1,2,1,2,1,2,1,2,1,2,1,2,1,2,1,2,1,2,1,2,1,2,1,2,1,2,1,2,1,2,1,2,1,2,1,2,1,2,1,2,1,2,1,2,1,2,1,2,1,2]",1/2,1000000000000,86400,13333333333,0xbec49fa140acaa83533fb00a2bb19bddd0290f25,pay,reservation_only_repeat,49,2,1000000,0,0,192344,0xdc70567f7bbd5a8789ed71a2dec5fb7f6ba7063441f36b1950311e7acd02e5ed,246,30000000,False
weighted_reference,50,mild_skew,"[1,2,1,2,1,2,1,2,1,2,1,2,1,2,1,2,1,2,1,2,1,2,1,2,1,2,1,2,1,2,1,2,1,2,1,2,1,2,1,2,1,2,1,2,1,2,1,2,1,2]",1/2,1000000000000,86400,13333333333,0xbec49fa140acaa83533fb00a2bb19bddd0290f25,pay,surplus_first,49,3,13331333334,1,0,212318,0x1eb7d4ae47e5da79d18578073a4f6441ab1435fd81976d83fdcf2dceffc9cb4d,247,30000000,False
weighted_reference,50,mild_skew,"[1,2,1,2,1,2,1,2,1,2,1,2,1,2,1,2,1,2,1,2,1,2,1,2,1,2,1,2,1,2,1,2,1,2,1,2,1,2,1,2,1,2,1,2,1,2,1,2,1,2]",1/2,1000000000000,86400,13333333333,0xbec49fa140acaa83533fb00a2bb19bddd0290f25,pay,surplus_repeat,49,4,1000000,1000000,0,195268,0xb7d4096d2e3028d91c1713a9e001dc42642c862b220b35a05cff9a9ffacfc12b,248,30000000,False
weighted_optimized,50,high_skew,"[1,2,3,4,5,6,7,8,9,10,11,12,13,14,15,16,17,18,19,20,21,22,23,24,25,26,27,28,29,30,31,32,33,34,35,36,37,38,39,40,41,42,43,44,45,46,47,48,49,50]",1/2,1000000000000,86400,19607843137,0x2b0d36facd61b71cc05ab8f3d2355ec3631c0dd5,deploy,deploy,,,,,,3885608,0x24695df5f6966cbd920e1286840dc1e804bf6293413672ac6feeb63f1159500b,249,30000000,False
weighted_optimized,50,high_skew,"[1,2,3,4,5,6,7,8,9,10,11,12,13,14,15,16,17,18,19,20,21,22,23,24,25,26,27,28,29,30,31,32,33,34,35,36,37,38,39,40,41,42,43,44,45,46,47,48,49,50]",1/2,1000000000000,86400,19607843137,0x2b0d36facd61b71cc05ab8f3d2355ec3631c0dd5,pay,reservation_only_first,49,1,1000000,0,0,48865,0x9598879605797cb9893c868d706fca56b3ee4ab47dde3e21093d7a51fd8af04d,251,30000000,False
weighted_optimized,50,high_skew,"[1,2,3,4,5,6,7,8,9,10,11,12,13,14,15,16,17,18,19,20,21,22,23,24,25,26,27,28,29,30,31,32,33,34,35,36,37,38,39,40,41,42,43,44,45,46,47,48,49,50]",1/2,1000000000000,86400,19607843137,0x2b0d36facd61b71cc05ab8f3d2355ec3631c0dd5,pay,reservation_only_repeat,49,2,1000000,0,0,48865,0xa11a1362f8dc1235f2c26d5d9cb321cc2a566172998c542d21e529b142490a52,252,30000000,False
weighted_optimized,50,high_skew,"[1,2,3,4,5,6,7,8,9,10,11,12,13,14,15,16,17,18,19,20,21,22,23,24,25,26,27,28,29,30,31,32,33,34,35,36,37,38,39,40,41,42,43,44,45,46,47,48,49,50]",1/2,1000000000000,86400,19607843137,0x2b0d36facd61b71cc05ab8f3d2355ec3631c0dd5,pay,surplus_first,49,3,19605843138,1,0,71565,0x9c042b6011d337cb8fb28b4ae6b8f24b98e3dffa05a489f8558ee4f279abd324,253,30000000,False
weighted_optimized,50,high_skew,"[1,2,3,4,5,6,7,8,9,10,11,12,13,14,15,16,17,18,19,20,21,22,23,24,25,26,27,28,29,30,31,32,33,34,35,36,37,38,39,40,41,42,43,44,45,46,47,48,49,50]",1/2,1000000000000,86400,19607843137,0x2b0d36facd61b71cc05ab8f3d2355ec3631c0dd5,pay,surplus_repeat,49,4,1000000,1000000,0,54379,0x2c44915aad2699a4782fb8ceab5393084ea7122be529b7fb5f2159dc4a6d1f53,254,30000000,False
weighted_reference,50,high_skew,"[1,2,3,4,5,6,7,8,9,10,11,12,13,14,15,16,17,18,19,20,21,22,23,24,25,26,27,28,29,30,31,32,33,34,35,36,37,38,39,40,41,42,43,44,45,46,47,48,49,50]",1/2,1000000000000,86400,19607843137,0x46b142dd1e924fab83ecc3c08e4d46e82f005e0e,deploy,deploy,,,,,,4118828,0x74d3234f5018fc877a33fe768c0eea311505fbc9ade1f535b374388c21520d8e,255,30000000,False
weighted_reference,50,high_skew,"[1,2,3,4,5,6,7,8,9,10,11,12,13,14,15,16,17,18,19,20,21,22,23,24,25,26,27,28,29,30,31,32,33,34,35,36,37,38,39,40,41,42,43,44,45,46,47,48,49,50]",1/2,1000000000000,86400,19607843137,0x46b142dd1e924fab83ecc3c08e4d46e82f005e0e,pay,reservation_only_first,49,1,1000000,0,0,209444,0x6df639d275aa4d7b034c01de17dc10f83258daef06015ad75d278ddab70291fe,257,30000000,False
weighted_reference,50,high_skew,"[1,2,3,4,5,6,7,8,9,10,11,12,13,14,15,16,17,18,19,20,21,22,23,24,25,26,27,28,29,30,31,32,33,34,35,36,37,38,39,40,41,42,43,44,45,46,47,48,49,50]",1/2,1000000000000,86400,19607843137,0x46b142dd1e924fab83ecc3c08e4d46e82f005e0e,pay,reservation_only_repeat,49,2,1000000,0,0,192344,0x0a1105e45199d4623eb875df1cc1615533909ac9758e7b439efefaead0592f91,258,30000000,False
weighted_reference,50,high_skew,"[1,2,3,4,5,6,7,8,9,10,11,12,13,14,15,16,17,18,19,20,21,22,23,24,25,26,27,28,29,30,31,32,33,34,35,36,37,38,39,40,41,42,43,44,45,46,47,48,49,50]",1/2,1000000000000,86400,19607843137,0x46b142dd1e924fab83ecc3c08e4d46e82f005e0e,pay,surplus_first,49,3,19605843138,1,0,212330,0xb3a494688eb99402c60fb733d548b77877e82ef9fa7c18e1977adcc7d751904d,259,30000000,False
weighted_reference,50,high_skew,"[1,2,3,4,5,6,7,8,9,10,11,12,13,14,15,16,17,18,19,20,21,22,23,24,25,26,27,28,29,30,31,32,33,34,35,36,37,38,39,40,41,42,43,44,45,46,47,48,49,50]",1/2,1000000000000,86400,19607843137,0x46b142dd1e924fab83ecc3c08e4d46e82f005e0e,pay,surplus_repeat,49,4,1000000,1000000,0,195268,0x4269570137c36a249acb438f3dcf9ab975295d0bac43a6ce8e1165064a558ce8,260,30000000,False
weighted_optimized,50,dominant,"[1,1,1,1,1,1,1,1,1,1,1,1,1,1,1,1,1,1,1,1,1,1,1,1,1,1,1,1,1,1,1,1,1,1,1,1,1,1,1,1,1,1,1,1,1,1,1,1,1,5000]",1/2,1000000000000,86400,495147553971,0x1c85638e118b37167e9298c2268758e058ddfda0,deploy,deploy,,,,,,4063756,0x881c0156f86d254675b186d48c6550288efd3d5e01c76545cf05185c6127bfec,261,30000000,False
weighted_optimized,50,dominant,"[1,1,1,1,1,1,1,1,1,1,1,1,1,1,1,1,1,1,1,1,1,1,1,1,1,1,1,1,1,1,1,1,1,1,1,1,1,1,1,1,1,1,1,1,1,1,1,1,1,5000]",1/2,1000000000000,86400,495147553971,0x1c85638e118b37167e9298c2268758e058ddfda0,pay,reservation_only_first,49,1,1000000,0,0,48865,0x817ec433a767dd6527259109ea45b588f8902dee588261b7c717d6c442a8c3ed,263,30000000,False
weighted_optimized,50,dominant,"[1,1,1,1,1,1,1,1,1,1,1,1,1,1,1,1,1,1,1,1,1,1,1,1,1,1,1,1,1,1,1,1,1,1,1,1,1,1,1,1,1,1,1,1,1,1,1,1,1,5000]",1/2,1000000000000,86400,495147553971,0x1c85638e118b37167e9298c2268758e058ddfda0,pay,reservation_only_repeat,49,2,1000000,0,0,48865,0x88c3bbf882b337318ca744399be0910f5dbd2e0a546580e549e4e010646f8ed4,264,30000000,False
weighted_optimized,50,dominant,"[1,1,1,1,1,1,1,1,1,1,1,1,1,1,1,1,1,1,1,1,1,1,1,1,1,1,1,1,1,1,1,1,1,1,1,1,1,1,1,1,1,1,1,1,1,1,1,1,1,5000]",1/2,1000000000000,86400,495147553971,0x1c85638e118b37167e9298c2268758e058ddfda0,pay,surplus_first,49,3,495145553972,1,0,71565,0x2e92f7120a4c94fccada74b6d7d71eb0120c5ce5de6262b38456c6670195eef3,265,30000000,False
weighted_optimized,50,dominant,"[1,1,1,1,1,1,1,1,1,1,1,1,1,1,1,1,1,1,1,1,1,1,1,1,1,1,1,1,1,1,1,1,1,1,1,1,1,1,1,1,1,1,1,1,1,1,1,1,1,5000]",1/2,1000000000000,86400,495147553971,0x1c85638e118b37167e9298c2268758e058ddfda0,pay,surplus_repeat,49,4,1000000,1000000,0,54379,0x47a1e89f62d4464debbdc13edf0df31d74832e36cf8f77f8d771aa9ca0dd1790,266,30000000,False
weighted_reference,50,dominant,"[1,1,1,1,1,1,1,1,1,1,1,1,1,1,1,1,1,1,1,1,1,1,1,1,1,1,1,1,1,1,1,1,1,1,1,1,1,1,1,1,1,1,1,1,1,1,1,1,1,5000]",1/2,1000000000000,86400,495147553971,0x4c2f7092c2ae51d986befee378e50bd4db99c901,deploy,deploy,,,,,,4258585,0xf07beff785a97a4ecd332ec20aa3013382c128f81aa675b81cdc8a204bc52524,267,30000000,False
weighted_reference,50,dominant,"[1,1,1,1,1,1,1,1,1,1,1,1,1,1,1,1,1,1,1,1,1,1,1,1,1,1,1,1,1,1,1,1,1,1,1,1,1,1,1,1,1,1,1,1,1,1,1,1,1,5000]",1/2,1000000000000,86400,495147553971,0x4c2f7092c2ae51d986befee378e50bd4db99c901,pay,reservation_only_first,49,1,1000000,0,0,209444,0x941c188169387a56d22b5a011a916bb1a88f28dc3276b64b8cdd02afe6bfadfa,269,30000000,False
weighted_reference,50,dominant,"[1,1,1,1,1,1,1,1,1,1,1,1,1,1,1,1,1,1,1,1,1,1,1,1,1,1,1,1,1,1,1,1,1,1,1,1,1,1,1,1,1,1,1,1,1,1,1,1,1,5000]",1/2,1000000000000,86400,495147553971,0x4c2f7092c2ae51d986befee378e50bd4db99c901,pay,reservation_only_repeat,49,2,1000000,0,0,192344,0x1425eaf73d004907270dc3b3ea46e357e4e28c970f6ef408bb23fed0cd8bd844,270,30000000,False
weighted_reference,50,dominant,"[1,1,1,1,1,1,1,1,1,1,1,1,1,1,1,1,1,1,1,1,1,1,1,1,1,1,1,1,1,1,1,1,1,1,1,1,1,1,1,1,1,1,1,1,1,1,1,1,1,5000]",1/2,1000000000000,86400,495147553971,0x4c2f7092c2ae51d986befee378e50bd4db99c901,pay,surplus_first,49,3,495145553972,1,0,212330,0xfe86a421c8bbda11aac20169d2240828a3fe77fdb79114cb69e8b48fb30c3d41,271,30000000,False
weighted_reference,50,dominant,"[1,1,1,1,1,1,1,1,1,1,1,1,1,1,1,1,1,1,1,1,1,1,1,1,1,1,1,1,1,1,1,1,1,1,1,1,1,1,1,1,1,1,1,1,1,1,1,1,1,5000]",1/2,1000000000000,86400,495147553971,0x4c2f7092c2ae51d986befee378e50bd4db99c901,pay,surplus_repeat,49,4,1000000,1000000,0,195268,0xd57a233474762bf63bc11383c3dd71e3aacfe708cef1d299a1f0e2a1a9996667,272,30000000,False
